album,album_type,track_number,id_track,name,popularity,explicit,duration_ms,release_date,artists
Calcinha Preta: Edição Especial,album,1,28P5hnigrW5mQ2aZ439cEn,Quer Conhecer? Deixe!,22,False,228827,2018-08-03,['Calcinha Preta']
Calcinha Preta: Edição Especial,album,2,53tDhIui60U8H4CskOxOdM,Não Me Deixe Agora,24,False,293162,2018-08-03,['Calcinha Preta']
Calcinha Preta: Edição Especial,album,3,0OoMcqlselvg5wIhek1irs,Agora Estou Sofrendo,26,False,251580,2018-08-03,['Calcinha Preta']
Calcinha Preta: Edição Especial,album,4,7AARwThoxsUZ5iiIfSdkwK,Sem Explicação (I Will Be),23,False,221083,2018-08-03,['Calcinha Preta']
Calcinha Preta: Edição Especial,album,5,3lpaj83oEG9Sfx0vf4ckHv,Perdoar,24,False,186984,2018-08-03,['Calcinha Preta']
Calcinha Preta: Edição Especial,album,6,2PV6APJqyaONJh7He1vZX7,Encruzilhada,19,False,205938,2018-08-03,['Calcinha Preta']
Calcinha Preta: Edição Especial,album,7,6Mg7LpH6zD7Ma0HFmrqCd4,Renascerá,29,False,208979,2018-08-03,['Calcinha Preta']
Calcinha Preta: Edição Especial,album,8,7BzKHCjunMs0L0ZNBPYaJ0,Faço Chover,22,False,254027,2018-08-03,['Calcinha Preta']
Calcinha Preta: Edição Especial,album,9,38utheuQMj0Lkb8avqSfVs,Já Me Acostumei,21,False,249844,2018-08-03,['Calcinha Preta']
Calcinha Preta: Edição Especial,album,10,5eN4TRnQNQ3vIBQRZcrgTD,Homem de Rua,17,False,211416,2018-08-03,['Calcinha Preta']
Calcinha Preta: Edição Especial,album,11,3R1N133Q6PS623ngsz0IOU,Você Não Vale Nada,19,False,220000,2018-08-03,['Calcinha Preta']
Balada Prime,album,1,5SPDQIjMg9qrxGyu5i3OdZ,Balada Prime,29,False,184656,2015-12-14,"['Calcinha Preta', 'Gusttavo Lima']"
Balada Prime,album,2,5VUBX4x2S01Er7OzG01PFO,Chora,14,False,174384,2015-12-14,['Calcinha Preta']
Balada Prime,album,3,5QDWfVhDaOtBmNiSDi7fmh,Sapatinho de Cinderela,12,False,171552,2015-12-14,['Calcinha Preta']
Balada Prime,album,4,0FRQJv8reGBXH6q0UVZnjL,Você Mente,13,False,202056,2015-12-14,['Calcinha Preta']
Balada Prime,album,5,2m3MuBPQPP2u3c1RPIK0lP,Kit Sofrência,12,False,179400,2015-12-14,['Calcinha Preta']
Balada Prime,album,6,3cYKSGWa9bZwSGBf3uwLXU,Modo Avião,12,False,193056,2015-12-14,['Calcinha Preta']
Balada Prime,album,7,07lwcDQUbH2igoMByc6A7G,A Dona do Barraco,14,False,146448,2015-12-14,['Calcinha Preta']
Balada Prime,album,8,6KkYs7mwTrdwtSbjop82Sj,Que Tal?,11,False,221664,2015-12-14,['Calcinha Preta']
Balada Prime,album,9,2PZy0sxFxBq9Xsz6s3dtlD,O Amor Vai Derreter o Gelo,11,False,214560,2015-12-14,['Calcinha Preta']
Balada Prime,album,10,2BGTibv771Q8YaXbLTGRVY,Sai pra Lá Bobão,10,False,192048,2015-12-14,['Calcinha Preta']
Balada Prime,album,11,2ByLiWlt5XrrfwX5SJQ8sY,Simbora Mô,10,False,196416,2015-12-14,['Calcinha Preta']
Balada Prime,album,12,0XFOLdIQ8IDVX8jxOcPoYK,Como Eu Te Amei,11,False,202992,2015-12-14,['Calcinha Preta']
Balada Prime,album,13,2soq3SiK531D7gNgeECahf,Toda Noite,11,False,186984,2015-12-14,['Calcinha Preta']
Balada Prime,album,14,2SRcMa41CxUmX0PK3a1l4q,Marca da Saudade,9,False,261384,2015-12-14,['Calcinha Preta']
Balada Prime,album,15,6yG0B9dKcswDpGQo37nXMs,Rugas,9,False,209064,2015-12-14,['Calcinha Preta']
Balada Prime,album,16,5hRi4lycN2Dq0oC2qwFWpa,A Vida Segue,10,False,189168,2015-12-14,['Calcinha Preta']
Balada Prime,album,17,2yozywb9ir3BKGkSAj6UK5,12 de Junho,9,False,189960,2015-12-14,['Calcinha Preta']
Balada Prime,album,18,2GNiirx9qPv4IOzZ3T2d2G,Filmes e Histórias,12,False,213624,2015-12-14,['Calcinha Preta']
"Filmes e Histórias, Vol. 28",album,1,332dRDtayv1fr33EdOgUTF,Filmes e Histórias,25,False,215197,2014-10-11,['Calcinha Preta']
"Filmes e Histórias, Vol. 28",album,2,04Qo4wZtjvx1AOYSA6sq7S,Onde Está,15,False,169692,2014-10-11,['Calcinha Preta']
"Filmes e Histórias, Vol. 28",album,3,6f5a2DbBRJllAhgtJtkrcO,Eu Quero Ser o Seu Amor,12,False,240458,2014-10-11,['Calcinha Preta']
"Filmes e Histórias, Vol. 28",album,4,1PxcELIHEu0NgEn7mT2f57,A Vida Segue,13,False,173950,2014-10-11,['Calcinha Preta']
"Filmes e Histórias, Vol. 28",album,5,37uxhOogKhdVA5GNiI0LBa,Eu Não Vou Desistir de Você,13,False,180977,2014-10-11,['Calcinha Preta']
"Filmes e Histórias, Vol. 28",album,6,6jzS9mWygmNCUTOhnlaYEe,Como Eu Te Amei,15,False,170841,2014-10-11,['Calcinha Preta']
"Filmes e Histórias, Vol. 28",album,7,59AoDIAznJKy0p29ateKfI,Simbora Mô,12,False,184347,2014-10-11,['Calcinha Preta']
"Filmes e Histórias, Vol. 28",album,8,5xhWpMABTGNPKt5md3MLGn,Você É Especial pra Mim,16,False,215563,2014-10-11,['Calcinha Preta']
"Filmes e Histórias, Vol. 28",album,9,7Ku0D3stwMcsbCcUFpN0LS,Toda Noite,13,False,187194,2014-10-11,['Calcinha Preta']
"Filmes e Histórias, Vol. 28",album,10,5hrdxbSLgIw9dEVs88Svao,"Não Chore, Não",12,False,202920,2014-10-11,['Calcinha Preta']
"Filmes e Histórias, Vol. 28",album,11,1JVJWmHq8XiWAb5CfUaRZH,A Casa Caiu,28,False,181604,2014-10-11,['Calcinha Preta']
"Filmes e Histórias, Vol. 28",album,12,68aIRAPHDu0vq5Hxoexk6B,O Mundo Pode Acabar,13,False,217287,2014-10-11,['Calcinha Preta']
"Filmes e Histórias, Vol. 28",album,13,5w90oXpP5vDbw2xjcPmYAP,Imaturidade,13,False,173819,2014-10-11,['Calcinha Preta']
Calcinha Preta Premium,album,1,1GUnZJhls3EO4B0ndFyACR,Amanhecer,29,False,238213,2013-01-18,['Calcinha Preta']
Calcinha Preta Premium,album,2,5DrrmwLIMmVvg6Z7NzBsHM,Longe (Far Away),20,False,177760,2013-01-18,['Calcinha Preta']
Calcinha Preta Premium,album,3,1P2cC0daWOoZWUjUYLfIgA,Tem Mais Alguém?,24,False,255466,2013-01-18,['Calcinha Preta']
Calcinha Preta Premium,album,4,7brRJQfRKOFd5PhYSBNAMZ,Baby Doll,21,False,212200,2013-01-18,['Calcinha Preta']
Calcinha Preta Premium,album,5,1qamKCfDlcPV44niEiQsOa,Faço Chover (It Will Rain),48,False,230093,2013-01-18,['Calcinha Preta']
Calcinha Preta Premium,album,6,3Sg8aqH8nGwbD7OompKqlZ,Agora Estou Sofrendo,54,False,237666,2013-01-18,['Calcinha Preta']
Calcinha Preta Premium,album,7,1v7heFjEb3ofUyM9wxUrhk,Bandido do Amor,19,False,190720,2013-01-18,['Calcinha Preta']
Calcinha Preta Premium,album,8,2W5LhLUkHV6ruFmKFzQdUs,Saidera / Em Mil Pedaços,16,False,239960,2013-01-18,['Calcinha Preta']
Calcinha Preta Premium,album,9,2AOxs2ahnqIrpO8jPHG42Z,Armadilha,19,False,223426,2013-01-18,['Calcinha Preta']
Calcinha Preta Premium,album,10,4A2JMGwPAks0YZiQAsq2LO,Morrendo de Desejo,18,False,233013,2013-01-18,['Calcinha Preta']
Calcinha Preta Premium,album,11,0zrWemf3zX9MGrqWu2b2k3,Adão e Eva / Romeu e Julieta,20,False,202586,2013-01-18,['Calcinha Preta']
Calcinha Preta Premium,album,12,0HSTV2H1sHmAv7cKQp8CHo,Mágica,21,False,244160,2013-01-18,['Calcinha Preta']
Calcinha Preta Premium,album,13,2pw4zHhEVt6LwYXjwI1oyW,Por Amor,41,False,215666,2013-01-18,['Calcinha Preta']
Calcinha Preta Premium,album,14,46YCv673x9c9dm7yCJmVny,A Encruzilhada,18,False,210146,2013-01-18,['Calcinha Preta']
Calcinha Preta Premium,album,15,2KI5vD7USPR2U9y4za2IC6,Refém / Cabertor,16,False,282200,2013-01-18,['Calcinha Preta']
Calcinha Preta Premium,album,16,7k9WApaPspqnGvAzmQN4WO,Declaração de Amor,28,False,196133,2013-01-18,['Calcinha Preta']
Calcinha Preta Premium,album,17,23OxRrORCzejUJdYPyqJob,Ainda Te Amo,45,False,245640,2013-01-18,['Calcinha Preta']
Calcinha Preta Premium,album,18,3i5kEr90mGWB0yPwO5xTYh,Amor da Minha Vida,19,False,182160,2013-01-18,['Calcinha Preta']
Calcinha Preta Premium,album,19,3eYyI6SGyyXAwZkqKHDYJC,Verdadeiro Amor,17,False,203080,2013-01-18,['Calcinha Preta']
Calcinha Preta Premium,album,20,6qOvmZvGH2zBxj4pZeagnG,É Linda Nossa História,16,False,176733,2013-01-18,['Calcinha Preta']
"Eu Amo Você, Vol. 26",album,1,26pvVr5GDcksVyaLnxUZDw,Érica,16,False,201360,2012-09-11,['Calcinha Preta']
"Eu Amo Você, Vol. 26",album,2,4DjoFMTgbbAbhkRhR6HJU7,Retrato,39,False,196173,2012-09-11,['Calcinha Preta']
"Eu Amo Você, Vol. 26",album,3,5upRlYltpS1w0Iba85qfO5,Diz Que Ainda Me Ama,12,False,224853,2012-09-11,['Calcinha Preta']
"Eu Amo Você, Vol. 26",album,4,0JXIqhA4OlpsYh4p4YuivR,Eu Amo Você,13,False,244813,2012-09-11,['Calcinha Preta']
"Eu Amo Você, Vol. 26",album,5,4W0ebciUWVOP0vDcLyn8Ih,Quem Ama Não Trai,12,False,214000,2012-09-11,['Calcinha Preta']
"Eu Amo Você, Vol. 26",album,6,116cOYBx47Hjj640hGSRVL,Quando um Não Quer Dois Não Brigam,10,False,222200,2012-09-11,['Calcinha Preta']
"Eu Amo Você, Vol. 26",album,7,3DIQwD5IB4soSF0TIvdjug,Calcinha Eu Te Amo,9,False,206693,2012-09-11,['Calcinha Preta']
"Eu Amo Você, Vol. 26",album,8,5iO1anDwYg7I3ccDfWpU6o,Insubistituível,10,False,198040,2012-09-11,['Calcinha Preta']
"Eu Amo Você, Vol. 26",album,9,6WzC996m1vBm04Vvgl3Uz6,Beijo de Língua,8,False,186120,2012-09-11,['Calcinha Preta']
"Eu Amo Você, Vol. 26",album,10,2OzRaYTvJwTgUyfc8Acg53,Mariana Adriana Juliana,7,False,219826,2012-09-11,['Calcinha Preta']
"Meu Primeiro Namorado, Vol. 25",album,1,2srW2FJSeOYI9P8d2exvkm,Vou Chorar,8,False,215118,2011-06-01,['Calcinha Preta']
"Meu Primeiro Namorado, Vol. 25",album,2,4MI22mmssmjxuXnhEx0kAS,Podem Até nos Separar,10,False,227134,2011-06-01,['Calcinha Preta']
"Meu Primeiro Namorado, Vol. 25",album,3,2WkccpeAGtUpGEdhbfw90V,Presente de Casamento,15,False,261851,2011-06-01,['Calcinha Preta']
"Meu Primeiro Namorado, Vol. 25",album,4,5vVzKbPPR42NfJMnwCZN8h,Tentei Te Avisar,7,False,194089,2011-06-01,['Calcinha Preta']
"Meu Primeiro Namorado, Vol. 25",album,5,3NkQlYMWiC6z1xJV1aUgVk,Meu Primeiro Namorado,9,False,210703,2011-06-01,['Calcinha Preta']
"Meu Primeiro Namorado, Vol. 25",album,6,0v6guQ9AzX58MC8rBJm1kz,Do Meu Jeito,8,False,185652,2011-06-01,['Calcinha Preta']
"Meu Primeiro Namorado, Vol. 25",album,7,1DuLF6MkIDyb9lGXvwJehp,Só Sei Que Eu Te Amo,6,False,192966,2011-06-01,['Calcinha Preta']
"Meu Primeiro Namorado, Vol. 25",album,8,55tpLx0zJHO6jguQsh1MTZ,Jura Que Me Ama,8,False,193018,2011-06-01,['Calcinha Preta']
"Meu Primeiro Namorado, Vol. 25",album,9,08MnmPuXp86wuprD2S9vgp,Cabelo Loiro,5,False,209789,2011-06-01,['Calcinha Preta']
"Meu Primeiro Namorado, Vol. 25",album,10,19mfh1Y0CwGzNBO4uiU256,Será Que Vai Rolar?,5,False,164963,2011-06-01,['Calcinha Preta']
"Meu Primeiro Namorado, Vol. 25",album,11,1j73Y1rkpKYCZMqgnPxqoI,Homem de Sorte,6,False,178808,2011-06-01,['Calcinha Preta']
"Meu Primeiro Namorado, Vol. 25",album,12,3ZelOuz9r8n77hh3WgLw9X,"Noite, Noite, Noite",5,False,182073,2011-06-01,['Calcinha Preta']
"Meu Primeiro Namorado, Vol. 25",album,13,5OEGRMRoh1oSLISbAUI5ez,Marca Aí,4,False,205505,2011-06-01,['Calcinha Preta']
"Meu Primeiro Namorado, Vol. 25",album,14,4w66ebXKgXbqDAVaXBvv0Z,Pra Quem Quiser Gostar de Mim,4,False,204277,2011-06-01,['Calcinha Preta']
"15 Anos: Ao Vivo em Maceió, Vol. 24",album,1,5wJKaVmklPBowUfasS6ASP,Onde o Sonho Mora - Ao Vivo,25,False,217080,2010-12-08,['Calcinha Preta']
"15 Anos: Ao Vivo em Maceió, Vol. 24",album,2,0bPPg4nfH3EZZFEFAFc0LE,Negro Lindo - Ao Vivo,16,False,217973,2010-12-08,"['Calcinha Preta', 'Leo Santana']"
"15 Anos: Ao Vivo em Maceió, Vol. 24",album,3,2NkrWXK8biE8AeOApJnSQM,Você Não Vale Nada - Ao Vivo,14,False,270013,2010-12-08,['Calcinha Preta']
"15 Anos: Ao Vivo em Maceió, Vol. 24",album,4,5bAs3RuxIJqbQdd3znbcWU,Safadinho - Ao Vivo,14,False,196120,2010-12-08,['Calcinha Preta']
"15 Anos: Ao Vivo em Maceió, Vol. 24",album,5,5IZISSCvIBr3EJ6SDyJ9xe,É Sério - Ao Vivo,13,False,206613,2010-12-08,['Calcinha Preta']
"15 Anos: Ao Vivo em Maceió, Vol. 24",album,6,5BbwLS5JPbLqSgkAbL4E9Z,Pegando Fogo - Ao Vivo,14,False,210800,2010-12-08,['Calcinha Preta']
"15 Anos: Ao Vivo em Maceió, Vol. 24",album,7,05kNhFy8CrFeF6U2e4UMw0,Hoje Eu Tô Solteiro - Ao Vivo,11,False,185840,2010-12-08,['Calcinha Preta']
"15 Anos: Ao Vivo em Maceió, Vol. 24",album,8,1VeO3dqvw8dT2FFbqp4rIa,Eu Quero É Gastar - Ao Vivo,12,False,188066,2010-12-08,['Calcinha Preta']
"15 Anos: Ao Vivo em Maceió, Vol. 24",album,9,3BbU02G40U1PWfc2d9mh9E,Rosas e Champagne - Ao Vivo,14,False,205720,2010-12-08,['Calcinha Preta']
"15 Anos: Ao Vivo em Maceió, Vol. 24",album,10,4wmhWbXpTknKLrnMBfLj90,Primeiro de Abril - Ao Vivo,20,False,219640,2010-12-08,"['Calcinha Preta', 'Léo Magalhães']"
"15 Anos: Ao Vivo em Maceió, Vol. 24",album,11,4yzVC13VZ5K4dX7TgEPQc8,Fotografias - Ao Vivo,14,False,207186,2010-12-08,['Calcinha Preta']
"15 Anos: Ao Vivo em Maceió, Vol. 24",album,12,0VWdFqsheZcQrmK5WMbFrK,Tudo Que Eu Faço É por Esse Amor - Ao Vivo,15,False,195893,2010-12-08,['Calcinha Preta']
"15 Anos: Ao Vivo em Maceió, Vol. 24",album,13,1GWjBvnafXrw7RNbSDxfrd,Só Love - Ao Vivo,13,False,197706,2010-12-08,"['Calcinha Preta', 'Leo Santana']"
"15 Anos: Ao Vivo em Maceió, Vol. 24",album,14,0q472kyEzVJb4U7J5CwB94,Entre na Fila - Ao Vivo,13,False,182506,2010-12-08,['Calcinha Preta']
"15 Anos: Ao Vivo em Maceió, Vol. 24",album,15,1zFkQkMC5s3eQMYO56HK7e,Não Adianta Chorar - Ao Vivo,12,False,200666,2010-12-08,"['Calcinha Preta', 'João Bosco & Vinicius']"
"15 Anos: Ao Vivo em Maceió, Vol. 24",album,16,4S8FuxtVuZQXfRlv1yKAHL,Vou Insistir - Ao Vivo,12,False,206973,2010-12-08,['Calcinha Preta']
"15 Anos: Ao Vivo em Maceió, Vol. 24",album,17,7r7LskIr2jzoaMoXXoJitP,Na Cama Só Vai Dar Nós Dois - Ao Vivo,15,False,169506,2010-12-08,['Calcinha Preta']
"15 Anos: Ao Vivo em Maceió, Vol. 24",album,18,5cb7CzgNe2Xgf3JbWQPhGu,Mágica - Ao Vivo,15,False,205080,2010-12-08,['Calcinha Preta']
"15 Anos: Ao Vivo em Maceió, Vol. 24",album,19,1re5epmVmnCimBDENChSdX,Hoje à Noite - Ao Vivo,14,False,192373,2010-12-08,['Calcinha Preta']
"15 Anos: Ao Vivo em Maceió, Vol. 24",album,20,2gMMnqqgOwnTURm5gSRMdU,Tô Soltinha - Ao Vivo,13,False,186426,2010-12-08,['Calcinha Preta']
"15 Anos: Ao Vivo em Maceió, Vol. 24",album,21,0ipbSHLlHy0XJoHKvxsAsN,Amor Dividido - Ao Vivo,17,False,206280,2010-12-08,['Calcinha Preta']
"15 Anos: Ao Vivo em Maceió, Vol. 24",album,22,7B5mYvPbuFDa3lsDQPth7y,Virei Seu Fã - Ao Vivo,9,False,238600,2010-12-08,['Calcinha Preta']
"Virei Seu Fã, Vol. 23 (Ao Vivo)",album,1,7rAgpZy3AU6BMIp6DxpYir,Rosas e Champagne (Ao Vivo),41,False,194093,2010-08-01,['Calcinha Preta']
"Virei Seu Fã, Vol. 23 (Ao Vivo)",album,2,4jwc1VAg1gDo731nAezeeG,Entre na Fila (Ao Vivo),10,False,173146,2010-08-01,['Calcinha Preta']
"Virei Seu Fã, Vol. 23 (Ao Vivo)",album,3,1SIV5pv6jX3qTE0kfvVgaO,Fotografias (Ao Vivo),21,False,205360,2010-08-01,['Calcinha Preta']
"Virei Seu Fã, Vol. 23 (Ao Vivo)",album,4,0d0OJXtYmx5xbQ6AmvqmVM,Só Love (Ao Vivo),23,False,174933,2010-08-01,['Calcinha Preta']
"Virei Seu Fã, Vol. 23 (Ao Vivo)",album,5,74mqaGnC93hEbC6ELychR3,Vou Insistir (Ao Vivo),8,False,202506,2010-08-01,['Calcinha Preta']
"Virei Seu Fã, Vol. 23 (Ao Vivo)",album,6,38SjgOdDc5VGmaVy0I132z,Don Juan (Ao Vivo),11,False,181426,2010-08-01,['Calcinha Preta']
"Virei Seu Fã, Vol. 23 (Ao Vivo)",album,7,2CkJ0CoTo6f6KpARCdToKY,Virei Seu Fã (Ao Vivo),7,False,233466,2010-08-01,['Calcinha Preta']
"Virei Seu Fã, Vol. 23 (Ao Vivo)",album,8,1BTkbbfIanJ0n7Xl9OyGzQ,Eu Quero É Gastar (Ao Vivo),8,False,182400,2010-08-01,['Calcinha Preta']
"Virei Seu Fã, Vol. 23 (Ao Vivo)",album,9,4m9qPG2tKJQRBblgyZcJbe,Tudo Que Eu Faço É por Esse Amor (Ao Vivo),34,False,195560,2010-08-01,['Calcinha Preta']
"Virei Seu Fã, Vol. 23 (Ao Vivo)",album,10,4dAlomi75Gtr0sTMd997MH,Hoje Eu Tô Solteiro (Ao Vivo),7,False,184360,2010-08-01,['Calcinha Preta']
"Virei Seu Fã, Vol. 23 (Ao Vivo)",album,11,0g6b76m4z50BpPQhJEb9FC,Distância (Ao Vivo),9,False,196906,2010-08-01,['Calcinha Preta']
"Virei Seu Fã, Vol. 23 (Ao Vivo)",album,12,2x67Xyl3V0ZJpTFF1IMBr2,Mágica (Ao Vivo),11,False,202840,2010-08-01,['Calcinha Preta']
"Virei Seu Fã, Vol. 23 (Ao Vivo)",album,13,2u62TuWXeHtjFyzkR6MoSK,Você Não Vale Nada (Ao Vivo),12,False,264586,2010-08-01,['Calcinha Preta']
"Virei Seu Fã, Vol. 23 (Ao Vivo)",album,14,1ksF2jRTVqGCSqOqWl1x4q,Você Me Ama (Ao Vivo),7,False,200013,2010-08-01,['Calcinha Preta']
"Virei Seu Fã, Vol. 23 (Ao Vivo)",album,15,6cFfLdHnjUjymdhyZS9XaQ,Presente de Casamento (Ao Vivo),16,False,220520,2010-08-01,['Calcinha Preta']
"Sou Assim, Não Vou Mudar, Vol. 22",album,1,71LWdbjSbof6uSfltmkoJI,Sou Assim e Não Vou Mudar,13,False,193800,2010-01-23,['Calcinha Preta']
"Sou Assim, Não Vou Mudar, Vol. 22",album,2,5OGUk0R3CRcOxy55TSXtLw,Tô Soltinha,22,False,184480,2010-01-23,['Calcinha Preta']
"Sou Assim, Não Vou Mudar, Vol. 22",album,3,0gKFgcwRIqELlrDT3TEZRB,Sou Brinquedinho Caro,22,False,175400,2010-01-23,['Calcinha Preta']
"Sou Assim, Não Vou Mudar, Vol. 22",album,4,0M4B6zRFAqsGYEqw7N63nD,Farra,6,False,162040,2010-01-23,['Calcinha Preta']
"Sou Assim, Não Vou Mudar, Vol. 22",album,5,1ipZ6RtHsSRDCmRUFuKAWS,É o Amor,9,False,180506,2010-01-23,['Calcinha Preta']
"Sou Assim, Não Vou Mudar, Vol. 22",album,6,5VnQwLDlKWbYwb3eqPvZWL,Á Sua Maneira,10,False,195973,2010-01-23,['Calcinha Preta']
"Sou Assim, Não Vou Mudar, Vol. 22",album,7,7KyK0PoyoUN4Ep9OZICANV,Parou por Aqui,6,False,165453,2010-01-23,['Calcinha Preta']
"Sou Assim, Não Vou Mudar, Vol. 22",album,8,6R9OnlFPn8dtWxqYuXXyM5,Tá Rolando um Ti Ti Ti,21,False,188426,2010-01-23,['Calcinha Preta']
"Sou Assim, Não Vou Mudar, Vol. 22",album,9,5GIqFTm4dP8QfPq7jH2oOi,A Mágica do Amor,8,False,224520,2010-01-23,['Calcinha Preta']
"Sou Assim, Não Vou Mudar, Vol. 22",album,10,1eiGTgBHoOVAMETm1E8RJY,Mal de Amor,7,False,209493,2010-01-23,['Calcinha Preta']
"Sou Assim, Não Vou Mudar, Vol. 22",album,11,0P2YxkOLHljfjO01UlaO28,Minha Favorita,7,False,206693,2010-01-23,['Calcinha Preta']
"Sou Assim, Não Vou Mudar, Vol. 22",album,12,2c1q6yMGTGpemVRG1frBny,É Seu Amor Que Eu Quero,15,False,206733,2010-01-23,['Calcinha Preta']
"Sou Assim, Não Vou Mudar, Vol. 22",album,13,2Y85WXBU3f9e2v9jmYlHpT,Quem É Que Você Ama,5,False,200453,2010-01-23,['Calcinha Preta']
"Sou Assim, Não Vou Mudar, Vol. 22",album,14,3x65KWgcAiwnztiYj1blLQ,Eu Sempre Estive Aqui Tão Perto,7,False,209493,2010-01-23,['Calcinha Preta']
"Sou Assim, Não Vou Mudar, Vol. 22",album,15,6O1JV8KaJWLnP7k7knu9C4,Desejo Te Amar,6,False,215893,2010-01-23,['Calcinha Preta']
"Sou Assim, Não Vou Mudar, Vol. 22",album,16,6ZVy3AFjwYP4CLkDjBvFF8,Vou Ganhar Você,6,False,209640,2010-01-23,['Calcinha Preta']
"Eu Amo Demais, Vol. 21 (Ao Vivo)",album,1,5wDGztOwvtxYnf31eNZMRE,Como Fui Me Apaixonar (Ao Vivo),44,False,234400,2009-09-16,['Calcinha Preta']
"Eu Amo Demais, Vol. 21 (Ao Vivo)",album,2,4wCxtLnB9DrEbcak0jhXjc,Tá Estourado (Ao Vivo),11,False,197880,2009-09-16,['Calcinha Preta']
"Eu Amo Demais, Vol. 21 (Ao Vivo)",album,3,1Fnnno3Ijw33pMDr0aVRR9,Você Não Vale Nada (Ao Vivo),28,False,201973,2009-09-16,['Calcinha Preta']
"Eu Amo Demais, Vol. 21 (Ao Vivo)",album,4,0JkeToNCO8lpzQePAbDHjL,A Dona do Meu Coração (Ao Vivo),12,False,188773,2009-09-16,['Calcinha Preta']
"Eu Amo Demais, Vol. 21 (Ao Vivo)",album,5,5olJ5imtK17ITfx1RyEXHi,Balanço do Amor (Ao Vivo),10,False,196626,2009-09-16,['Calcinha Preta']
"Eu Amo Demais, Vol. 21 (Ao Vivo)",album,6,5u47GXoNYwVzeCQzrZAKS6,Kelly (Ao Vivo),9,False,174266,2009-09-16,['Calcinha Preta']
"Eu Amo Demais, Vol. 21 (Ao Vivo)",album,7,4tC9PovZwnX5Ye7Jst7OSa,Eu Amo Demais (Ao Vivo),14,False,196973,2009-09-16,['Calcinha Preta']
"Eu Amo Demais, Vol. 21 (Ao Vivo)",album,8,6dZAPDpJc0k2hiZvAAa41C,O Amor È Cego (Ao Vivo),13,False,177893,2009-09-16,['Calcinha Preta']
"Eu Amo Demais, Vol. 21 (Ao Vivo)",album,9,21DAosNGlHjtPzhDlQQI3U,Vou te Deixar Doidão (Ao Vivo),10,False,197866,2009-09-16,['Calcinha Preta']
"Eu Amo Demais, Vol. 21 (Ao Vivo)",album,10,2QFzn5NXgtqssepxJjmJYP,Liga pra Mim (Ao Vivo),36,False,200773,2009-09-16,['Calcinha Preta']
"Eu Amo Demais, Vol. 21 (Ao Vivo)",album,11,3e9JqSoLKOLevrA4cJIJEJ,Overdose de Amor (Ao Vivo),13,False,192226,2009-09-16,['Calcinha Preta']
"Eu Amo Demais, Vol. 21 (Ao Vivo)",album,12,1sb6DBf2vxEup92tlBlGI5,Te Acho Tão Linda (Ao Vivo),44,False,207026,2009-09-16,['Calcinha Preta']
"Eu Amo Demais, Vol. 21 (Ao Vivo)",album,13,2WSbbiwHKR5fxDPQXvof5I,Cena de Novela (Ao Vivo),14,False,213986,2009-09-16,['Calcinha Preta']
"Eu Amo Demais, Vol. 21 (Ao Vivo)",album,14,1BcQjYJLzzM8shhsFR7BfE,Não Desligue Amor (Ao Vivo),41,False,222946,2009-09-16,['Calcinha Preta']
"Você Não Vale Nada, Vol. 20 (Ao Vivo)",album,1,74dKotvqgd7bQ7Q5wJ8wxB,Salve o Nosso Amor (Ao Vivo),43,False,225200,2009-01-21,['Calcinha Preta']
"Você Não Vale Nada, Vol. 20 (Ao Vivo)",album,2,3L00CpErp0vth45TKYKJKU,Você Não Vale Nada (Ao Vivo),37,False,202013,2009-01-21,['Calcinha Preta']
"Você Não Vale Nada, Vol. 20 (Ao Vivo)",album,3,5feCf0EoEz6kB0vdr5EPRo,"Não Gruda, Não Cola (Ao Vivo)",20,False,219680,2009-01-21,['Calcinha Preta']
"Você Não Vale Nada, Vol. 20 (Ao Vivo)",album,4,02p71n7YoQLX9FuKz1sdYN,Novo Namorado (Ao Vivo),27,False,175066,2009-01-21,['Calcinha Preta']
"Você Não Vale Nada, Vol. 20 (Ao Vivo)",album,5,2FNLuDMLExPbQ2EMrTF5eQ,Amor Dividido (Ao Vivo),24,False,210813,2009-01-21,['Calcinha Preta']
"Você Não Vale Nada, Vol. 20 (Ao Vivo)",album,6,0ac3SI5y81K7GY03OFGmr1,"Não Se Apaixone, Não (Ao Vivo)",28,False,179560,2009-01-21,['Calcinha Preta']
"Você Não Vale Nada, Vol. 20 (Ao Vivo)",album,7,2oDAu1kEQILTSPWlJC74KG,"Não Desligue, Amor (Ao Vivo)",22,False,223040,2009-01-21,['Calcinha Preta']
"Você Não Vale Nada, Vol. 20 (Ao Vivo)",album,8,1jtZ6osQsu4qEarCVyCAOt,"Só Não Diga, Bye, Bye (Ao Vivo)",18,False,165906,2009-01-21,['Calcinha Preta']
"Você Não Vale Nada, Vol. 20 (Ao Vivo)",album,9,1T7aLLP7yFePz9AoW3k8PN,Não Tem Segredo (Ao Vivo),25,False,198226,2009-01-21,['Calcinha Preta']
"Você Não Vale Nada, Vol. 20 (Ao Vivo)",album,10,1MQJHAJy2cBHqtc76mwUKT,Vamos pra Lá Beber (Ao Vivo),26,False,181240,2009-01-21,['Calcinha Preta']
"Você Não Vale Nada, Vol. 20 (Ao Vivo)",album,11,2xJFCFzcKyc1SsCOx8blb4,Cena de Novela (Ao Vivo),33,False,214893,2009-01-21,['Calcinha Preta']
"Você Não Vale Nada, Vol. 20 (Ao Vivo)",album,12,0VfWuGSRCE08QQAev40jVO,Sem Explicação (Ao Vivo),37,False,223880,2009-01-21,['Calcinha Preta']
"Você Não Vale Nada, Vol. 20 (Ao Vivo)",album,13,6uwVVdWzujNegj1qxXiNBE,Tutti - Frutti (Ao Vivo),22,False,200346,2009-01-21,['Calcinha Preta']
"Você Não Vale Nada, Vol. 20 (Ao Vivo)",album,14,17rH7ppfHkdFJ8hngJbflF,Te Acho Tão Linda (Ao Vivo),21,False,209386,2009-01-21,['Calcinha Preta']
"Você Não Vale Nada, Vol. 20 (Ao Vivo)",album,15,0nEN6ftOzUotvvkWVVwDRS,É por Amor (Ao Vivo),17,False,194800,2009-01-21,['Calcinha Preta']
"Você Não Vale Nada, Vol. 20 (Ao Vivo)",album,16,0SaZcfOLR4MeCmSVP2u6TB,Entre Quatro Paredes (Ao Vivo),15,False,196706,2009-01-21,['Calcinha Preta']
"Vencedor, Vol. 19",album,1,51gQWqq8eAuhYaGIo1H21T,"Já me Acostumei ""Some Mistake""",26,False,222653,2008-05-19,['Calcinha Preta']
"Vencedor, Vol. 19",album,2,2niXGE3A8esWREnNxiuz2U,Vamos pra lá Beber,23,False,180493,2008-05-19,['Calcinha Preta']
"Vencedor, Vol. 19",album,3,4fKzYhCnv255yf3TpTLc4A,Tutti- Futti,16,False,199773,2008-05-19,['Calcinha Preta']
"Vencedor, Vol. 19",album,4,20VINapqfAUj8W5D52wemV,Vencedor,17,False,214453,2008-05-19,['Calcinha Preta']
"Vencedor, Vol. 19",album,5,23pfuq5ASutfRkH0t2tfkr,"Ana, Hoje Lembrei de Você",14,False,200320,2008-05-19,['Calcinha Preta']
"Vencedor, Vol. 19",album,6,4tZilGRoAJeay5UMVDPj5a,"Não Vale a Pena ""Linger""",19,False,235893,2008-05-19,['Calcinha Preta']
"Vencedor, Vol. 19",album,7,2t52NwGsWXzMadl2Ad9Fqi,Vou Te Dominar,11,False,193946,2008-05-19,['Calcinha Preta']
"Vencedor, Vol. 19",album,8,4tThhAJMloVD8691S9NKkN,Amor Dividido,45,False,210866,2008-05-19,['Calcinha Preta']
"Vencedor, Vol. 19",album,9,5ImAM0cxLg1Kn1B7LBEqpS,"Garotas Não Choram ""Big Girls Don´t Cry""",20,False,222133,2008-05-19,['Calcinha Preta']
"Vencedor, Vol. 19",album,10,1WxmdFsd8RFItRex2SqB4V,Amanda I Love You,39,False,209626,2008-05-19,['Calcinha Preta']
"Vencedor, Vol. 19",album,11,40bWrCoJGY37I9WplPc91T,Vou Tomar um Porre,10,False,225266,2008-05-19,['Calcinha Preta']
"Vencedor, Vol. 19",album,12,4diIQz16IeqlcooFlkCZ67,Desilusão,41,False,251826,2008-05-19,['Calcinha Preta']
"Vencedor, Vol. 19",album,13,2pUaqphHTOdjkNYiKHj3p6,Fique no Meu Coração,39,False,239213,2008-05-19,['Calcinha Preta']
"Ao Vivo no Recife, Vol. 18",album,1,71t43W4usy0S3U2SM8GuFN,Amanda (Ao Vivo),19,False,210920,2008-01-28,['Calcinha Preta']
"Ao Vivo no Recife, Vol. 18",album,2,02a1wJv8Nebofy7H0Yk1jY,Hoje à Noite (Ao Vivo),24,False,187666,2008-01-28,"['Calcinha Preta', 'Tatau']"
"Ao Vivo no Recife, Vol. 18",album,3,50NWicfhYPQ5dNykG1PWny,Como Vou Deixar Você ? (Ao Vivo),34,False,225533,2008-01-28,['Calcinha Preta']
"Ao Vivo no Recife, Vol. 18",album,4,7E1ioLCVD0Gf9IzTyfbeMA,Ficar por Ficar (Ao Vivo),23,False,201186,2008-01-28,['Calcinha Preta']
"Ao Vivo no Recife, Vol. 18",album,5,3IQI5a9nz5W3LZtT8Qczy7,Garotas Não Choram (Ao Vivo),22,False,222773,2008-01-28,['Calcinha Preta']
"Ao Vivo no Recife, Vol. 18",album,6,5R3F0weAznyTlJR2JtBgyf,Fica Comigo (Ao Vivo),36,False,222826,2008-01-28,['Calcinha Preta']
"Ao Vivo no Recife, Vol. 18",album,7,5WRhFdLu137zbLg7vrFVau,Pensão Alimentícia (Ao Vivo),35,False,204440,2008-01-28,['Calcinha Preta']
"Ao Vivo no Recife, Vol. 18",album,8,54eS4hUCCbhGGniAvj7BWL,Faltou o Leite Ninho (Ao Vivo),26,False,229293,2008-01-28,['Calcinha Preta']
"Ao Vivo no Recife, Vol. 18",album,9,1IhJ4c4Q08DlnokpY3rG1T,Bebo e Choro (Ao Vivo),35,False,211893,2008-01-28,['Calcinha Preta']
"Ao Vivo no Recife, Vol. 18",album,10,5n1uk6nbhNWtnlwD8SLr4w,Se Quiser É Assim (Ao Vivo),33,False,190760,2008-01-28,['Calcinha Preta']
"Ao Vivo no Recife, Vol. 18",album,11,5A1hRzHSvSgbZga0e1u6XH,Pega Fogo Cabaré (Ao Vivo),20,False,235973,2008-01-28,['Calcinha Preta']
"Ao Vivo no Recife, Vol. 18",album,12,2jPASvSYSW9RrTm2TS9hdb,Arreia Cerveja (Ao Vivo),14,False,179146,2008-01-28,"['Calcinha Preta', 'Maraial']"
"Ao Vivo no Recife, Vol. 18",album,13,0rsiQvq2x5o2tk2Cb29m0N,"Dois Amores, Duas Paixões (Ao Vivo)",28,False,224653,2008-01-28,['Calcinha Preta']
"Ao Vivo no Recife, Vol. 18",album,14,1WGHE1uyVFV3rBZAwxjYw8,Por Que Tocou Meu Coração ? (Ao Vivo),40,False,215706,2008-01-28,"['Calcinha Preta', 'Fábio Jr.']"
"Ao Vivo no Recife, Vol. 18",album,15,2G1NkbB4TJj6GlMd6CrwvZ,Ainda Te Amo,33,False,251053,2008-01-28,['Calcinha Preta']
"Fica Comigo, Paulinha, Vol. 17",album,1,5pcU7nEDWZHG4aP44CBOFD,Fica Comigo,29,False,227733,2007-08-21,"['Calcinha Preta', 'Marquinhos Maraial']"
"Fica Comigo, Paulinha, Vol. 17",album,2,3DLG7RfrhDFlqTHZQTlJ6s,24 Horas de Amor,20,False,193306,2007-08-21,['Calcinha Preta']
"Fica Comigo, Paulinha, Vol. 17",album,3,2oNeGjg8655ATLNrkqkMTG,Locutor,26,False,179240,2007-08-21,"['Calcinha Preta', 'Marquinhos Maraial']"
"Fica Comigo, Paulinha, Vol. 17",album,4,5U2OfFUum5IThn98ibni2N,Me Diz Onde Você Está?,16,False,182960,2007-08-21,['Calcinha Preta']
"Fica Comigo, Paulinha, Vol. 17",album,5,2b4dIUqx4XDHplDPoNpvuC,Arreia Cerveja,17,False,203240,2007-08-21,"['Calcinha Preta', 'edu luppa', 'Marquinhos Maraial']"
"Fica Comigo, Paulinha, Vol. 17",album,6,3uTvoHSteVyuHZeH8fJLBC,Coração Vagabundo,18,False,194813,2007-08-21,"['Calcinha Preta', 'Marquinhos Maraial']"
"Fica Comigo, Paulinha, Vol. 17",album,7,2FnQmZov9hey4pCIG7sT5d,A Vida É Assim,14,False,179053,2007-08-21,['Calcinha Preta']
"Fica Comigo, Paulinha, Vol. 17",album,8,5J2iQlU2fExWow4T9LBpG2,Hoje Eu Acabo Essa História,14,False,213533,2007-08-21,['Calcinha Preta']
"Fica Comigo, Paulinha, Vol. 17",album,9,7MB82aWojKYntOXvQUogZM,Como Vou Deixar Você?,50,False,188800,2007-08-21,['Calcinha Preta']
"Fica Comigo, Paulinha, Vol. 17",album,10,0MbPinh1V5tI5gPuPaXCjI,Faltou o Leite Ninho,42,False,197560,2007-08-21,['Calcinha Preta']
"Como Vou Deixar Você?, Vol. 16",album,1,6SWGXpn0S0e9qBDa4DNx83,Como Vai Deixar Você?,19,False,212386,2007-01-01,['Calcinha Preta']
"Como Vou Deixar Você?, Vol. 16",album,2,1nHxC0AnH6Q1Lrgsewn3yc,Pensão Alimentícia,10,False,188573,2007-01-01,['Calcinha Preta']
"Como Vou Deixar Você?, Vol. 16",album,3,6aXaJcMV4z87YD9vuUYR5d,Faltou o Leite Ninho,11,False,202880,2007-01-01,['Calcinha Preta']
"Como Vou Deixar Você?, Vol. 16",album,4,6tsRtU1WpbR42CAckc04z2,Eu Sou o Cara,9,False,188346,2007-01-01,['Calcinha Preta']
"Como Vou Deixar Você?, Vol. 16",album,5,7wx8kXVjrdZs0WwAlBkA7Y,Puxei a Meu Pai,5,False,189440,2007-01-01,['Calcinha Preta']
"Como Vou Deixar Você?, Vol. 16",album,6,1c7DWANxM99FQegmpwpscY,Coração Free,8,False,190746,2007-01-01,['Calcinha Preta']
"Como Vou Deixar Você?, Vol. 16",album,7,2Xk2C3yyts4WTkviPtakSK,Aumente Meu Salário,6,False,170626,2007-01-01,['Calcinha Preta']
"Como Vou Deixar Você?, Vol. 16",album,8,19vSoTBPleotfWJ3oIDwdP,Como Vou Deixar Você? - Elétrica,5,False,213133,2007-01-01,['Calcinha Preta']
"Como Vou Deixar Você?, Vol. 16",album,9,45DvfoYrYhXDcfOA7b9nuA,Do Meu Jeito,5,False,197013,2007-01-01,['Calcinha Preta']
"Como Vou Deixar Você?, Vol. 16",album,10,3E0ThLgTrDvitZ7kZhIMKF,Pensão Alimentícia - Elétrica,4,False,192280,2007-01-01,['Calcinha Preta']
"Como Vou Deixar Você?, Vol. 16",album,11,1URSnO9zsQtO4cEA5PWGYc,Faltou o Leite Ninho - Elétrica,4,False,209280,2007-01-01,['Calcinha Preta']
"Como Vou Deixar Você?, Vol. 16",album,12,2wzMG73SMfEIZC0FPiOUt9,Por Que Tocou Meu Coração? / A Encruzilhada - Elétrica,4,False,236346,2007-01-01,['Calcinha Preta']
"Como Vou Deixar Você?, Vol. 16",album,13,7rSipdXzJkHgEWBiEhRId2,Leilão - Elétrica,4,False,198626,2007-01-01,['Calcinha Preta']
"Como Vou Deixar Você?, Vol. 16",album,14,4UIPGRdtlcHDKTNRXEIbR4,Se Quiser É Assim - Elétrica,3,False,195306,2007-01-01,['Calcinha Preta']
"Como Vou Deixar Você?, Vol. 16",album,15,79bWIqHT920LebcnRJeRiE,Bebo e Choro - Elétrica,3,False,215266,2007-01-01,['Calcinha Preta']
"Como Vou Deixar Você?, Vol. 16",album,16,34rVA2T4Hl8MNA7MzTVGA1,A Calcinha Preta É Nossa - Elétrica,4,False,215640,2007-01-01,['Calcinha Preta']
"Como Vou Deixar Você?, Vol. 16",album,17,6lo6jWQHFRnvHFQY3n0kVV,Segredo / Sonho Lindo / Baby Dool - Elétrica,4,False,314986,2007-01-01,['Calcinha Preta']
"Pensão Alimentícia, Vol. 15",album,1,2tSh1Wl65QPkz9lCJlORT0,Se Quiser É Assim - Ao Vivo,12,False,194258,2006-07-01,['Calcinha Preta']
"Pensão Alimentícia, Vol. 15",album,2,2WJmMxC8oPUCbLci6Qy2TL,Campeão de Bilheteria,15,False,192214,2006-07-01,['Calcinha Preta']
"Pensão Alimentícia, Vol. 15",album,3,3hhalwMtjn5iqii7gOZhsA,Pensão Alimentícia,17,False,197044,2006-07-01,['Calcinha Preta']
"Pensão Alimentícia, Vol. 15",album,4,6WulOd9wbtZdYsrtrlD9OP,Bebo e Choro,11,False,199877,2006-07-01,['Calcinha Preta']
"Pensão Alimentícia, Vol. 15",album,5,6R4Ro1OtxDrdt48QNUPuo0,O Código das Vinte,11,False,200295,2006-07-01,['Calcinha Preta']
"Pensão Alimentícia, Vol. 15",album,6,0ExqXFCqsEaYCtP0L7hTO4,Romeu e Julieta,12,False,186409,2006-07-01,['Calcinha Preta']
"Pensão Alimentícia, Vol. 15",album,7,33zTy4q5W8360Su6CzYxML,Te Amo Demais,14,False,219242,2006-07-01,['Calcinha Preta']
"Pensão Alimentícia, Vol. 15",album,8,6l0woqd3uF1a0yXKCJOynG,Faltou Coragem,11,False,163329,2006-07-01,['Calcinha Preta']
"Pensão Alimentícia, Vol. 15",album,9,1F1TG1JHIz7Vu8Vhqc88LJ,Tanto Amor Que Eu Te Dei,11,False,227323,2006-07-01,['Calcinha Preta']
"Pensão Alimentícia, Vol. 15",album,10,5j0iQ6Y5ndxEhzZl2DC6ic,Por Que Tocou Meu Coração?,13,False,256859,2006-07-01,['Calcinha Preta']
"Pensão Alimentícia, Vol. 15",album,11,4FovSbMpqyHXBMY7CJTeRR,Vem Me Deixar Louca,10,False,171223,2006-07-01,['Calcinha Preta']
"Pensão Alimentícia, Vol. 15",album,12,7pzMYZLf21vHZtZl9MbWzE,Armadilha,12,False,227091,2006-07-01,['Calcinha Preta']
"Pensão Alimentícia, Vol. 15",album,13,4C7J8l0gpmhjgl1KpAinx5,A Encruzilhada,9,False,214227,2006-07-01,['Calcinha Preta']
"Pensão Alimentícia, Vol. 15",album,14,5LIryndCfKTAXgCkJUeVVc,O Que Vou Fazer?,8,False,249428,2006-07-01,['Calcinha Preta']
"Pensão Alimentícia, Vol. 15",album,15,3KCRitK8GPocgIq6jbNbof,Adão e Eva,10,False,246920,2006-07-01,['Calcinha Preta']
As 20 +,album,1,3aNYxNtZq1AqLEYPKdx9F0,Cobertor,54,False,246133,2006-01-15,['Calcinha Preta']
As 20 +,album,2,0lffA8yYHhDJnKsRx7ykWg,Desilusão,32,False,231440,2006-01-15,['Calcinha Preta']
As 20 +,album,3,0BbHiemHPWxSTR3xOAziyB,E o Vento Levou,48,False,266906,2006-01-15,['Calcinha Preta']
As 20 +,album,4,4FcUiSgtBQnKwfI3X6Bm3N,"Hoje à Noite ""Alone""",45,False,212800,2006-01-15,['Calcinha Preta']
As 20 +,album,5,21KbWPoY3MTpI5byU6d0dl,"Louca por Ti ""Dust in the Wind""",51,False,164480,2006-01-15,['Calcinha Preta']
As 20 +,album,6,4OlpR5EwULijrATzM9VG3F,Sonho Lindo,36,False,228680,2006-01-15,['Calcinha Preta']
As 20 +,album,7,5LDge62Xvs7BRfLUpdiX4P,Tudo de Novo,31,False,285480,2006-01-15,['Calcinha Preta']
As 20 +,album,8,0ofEvBQaoBGhQnPTVHesaW,Adão e Eva,35,False,246800,2006-01-15,['Calcinha Preta']
As 20 +,album,9,0SvtBdkNRlErX8sPrFgWPW,Mágica,50,False,258013,2006-01-15,['Calcinha Preta']
As 20 +,album,10,5H9EnoNepjclW75Y5W2b7q,Segredos,35,False,225013,2006-01-15,['Calcinha Preta']
As 20 +,album,11,1wzCK6hUtOV3gnN9mydFbD,Cada Paixão uma Novela,28,False,237933,2006-01-15,['Calcinha Preta']
As 20 +,album,12,4lr3it0V2yALqSq23bSPOg,Manchete dos Jornais,48,False,236893,2006-01-15,['Calcinha Preta']
As 20 +,album,13,1YyLq1gnOqDkDzgQxX1zQq,Baby Doll,37,False,174746,2006-01-15,['Calcinha Preta']
As 20 +,album,14,08dcweSRXqWoMdYJU0uqmQ,Por Amor,45,False,248080,2006-01-15,['Calcinha Preta']
As 20 +,album,15,5P8INbk864e7LllQ1HxgSn,"Dois Amores, Duas Paixões",48,False,223146,2006-01-15,['Calcinha Preta']
As 20 +,album,16,1OojTyFPMX8ocDFuWPsBrZ,Amor da Minha Vida,31,False,207786,2006-01-15,['Calcinha Preta']
As 20 +,album,17,7FEzLYwd2AzoUGNCeITzIX,Renascerá,30,False,217760,2006-01-15,['Calcinha Preta']
As 20 +,album,18,1Fky7idgvTJl9h5FCv5ZXX,Furunfa,26,False,265720,2006-01-15,['Calcinha Preta']
As 20 +,album,19,6PyiC5ZbG39GdyQq63YYKo,Te Quero Namorar,24,False,265253,2006-01-15,['Calcinha Preta']
As 20 +,album,20,6y2shnlT6awmGwszzChgWo,A Calcinha Preta É Nossa,29,False,191013,2006-01-15,['Calcinha Preta']
"Dois Amores, Duas Paixões, Vol. 14",album,1,0Y2v82GQsomVCqnfWpRSg5,"Dois Amores, Duas Paixões",41,False,223007,2006-01-01,['Calcinha Preta']
"Dois Amores, Duas Paixões, Vol. 14",album,2,61Uy6h0c6ud0j6OBdcfHkI,A Calcinha Preta É Nossa,11,False,205714,2006-01-01,['Calcinha Preta']
"Dois Amores, Duas Paixões, Vol. 14",album,3,1DJ3VAwuni4BZS7yL5jCJB,Por Que Tocou Meu Coração?,22,False,258377,2006-01-01,['Calcinha Preta']
"Dois Amores, Duas Paixões, Vol. 14",album,4,7mtpfhtLwQT5bRpFM6ixnm,Balançando o Brasil,11,False,228310,2006-01-01,['Calcinha Preta']
"Dois Amores, Duas Paixões, Vol. 14",album,5,0S7pUIlGZjdLMMpyuFQKAp,O Que Vou Fazer?,15,False,261877,2006-01-01,['Calcinha Preta']
"Dois Amores, Duas Paixões, Vol. 14",album,6,1mJuBdjhoKBYwZ35bEJQP6,Se Quiser É Assim,19,False,203389,2006-01-01,['Calcinha Preta']
"Dois Amores, Duas Paixões, Vol. 14",album,7,40y5L6GaG3II9cnvwwAkjb,Só um Amor,13,False,268773,2006-01-01,['Calcinha Preta']
"Dois Amores, Duas Paixões, Vol. 14",album,8,0kF0fG51xM0L1iqfYcDyGr,A Encruzilhada,15,False,214491,2006-01-01,['Calcinha Preta']
"Dois Amores, Duas Paixões, Vol. 14",album,9,3K2RQgKiXVxa9Tvq4ya96z,Beijo Molhado,12,False,231549,2006-01-01,['Calcinha Preta']
"Dois Amores, Duas Paixões, Vol. 14",album,10,60LIuj1MaKGuNtaIyC1c5V,Uma Gota no Oceano,10,False,204486,2006-01-01,['Calcinha Preta']
"Dois Amores, Duas Paixões, Vol. 14",album,11,6r56ZFR66RelsevgEbdsSj,Beijar por Beijar,9,False,207568,2006-01-01,['Calcinha Preta']
"Dois Amores, Duas Paixões, Vol. 14",album,12,46M9a95fjvxTlNlGp4OZ4i,Vem Me Deixar Louca,22,False,185338,2006-01-01,['Calcinha Preta']
"Dois Amores, Duas Paixões, Vol. 14",album,13,0uKdoyNS7APv7GVouV6fu1,Me Ensina a Namorar,9,False,202448,2006-01-01,['Calcinha Preta']
"Dois Amores, Duas Paixões, Vol. 14",album,14,02VyvUSLCeyanaxAPQB1Kb,"Amor, Amor, Amor / Noite, Noite, Noite - Acústico",12,False,212793,2006-01-01,['Calcinha Preta']
"Dois Amores, Duas Paixões, Vol. 14",album,15,1PVgVRTK9bAzdujETOKdMx,Só Você Me Faz Feliz / Jura Que Me Ama - Acústico,13,False,203311,2006-01-01,['Calcinha Preta']
"Dois Amores, Duas Paixões, Vol. 14",album,16,2xorBXOresnn2KZCRqNWTi,Por Que Tocou Meu Coração - Acústico,11,False,238680,2006-01-01,['Calcinha Preta']
"Mágica, Vol. 12",album,1,1yNstWFOG0z4CFkJrusyzP,Manchete dos Jornais,39,False,239516,2005-01-01,['Calcinha Preta']
"Mágica, Vol. 12",album,2,5ZUv1CTNzh9gCNWePbTnWN,A Calcinha Preta É Nossa,19,False,190955,2005-01-01,['Calcinha Preta']
"Mágica, Vol. 12",album,3,4bxgmP32ULg4X0PZfTvHTW,Renascerá,21,False,217913,2005-01-01,['Calcinha Preta']
"Mágica, Vol. 12",album,4,5Pc4of0G5Fa4LbBSrwo5jM,Perdoar,20,False,222667,2005-01-01,['Calcinha Preta']
"Mágica, Vol. 12",album,5,0HM25hek4UpkVxCOPDflBM,O Navio e o Mar - Send Me An Angel,26,False,313521,2005-01-01,['Calcinha Preta']
"Mágica, Vol. 12",album,6,6ViqEh7W6SJ7sPpulj5Oj0,Ainda Te Amo,19,False,252917,2005-01-01,['Calcinha Preta']
"Mágica, Vol. 12",album,7,7AaW6x9Ld7c9JqBuyw6vzB,Mágica,47,False,259657,2005-01-01,['Calcinha Preta']
"Mágica, Vol. 12",album,8,7CNB3gJSRb4NEVRe3mwiur,Sai Solidão,22,False,263026,2005-01-01,['Calcinha Preta']
"Mágica, Vol. 12",album,9,4vc0hXI7SH0xR93b1iL9Ms,Segredo,18,False,226951,2005-01-01,['Calcinha Preta']
"Mágica, Vol. 12",album,10,6UshjtXKttK2AQeSHxH6gp,Só Tenho Olhos pra Você,16,False,204068,2005-01-01,['Calcinha Preta']
"Mágica, Vol. 12",album,11,27BvjghnqE9d2NfWy10rfM,Abra o Meu Coração,15,False,199471,2005-01-01,['Calcinha Preta']
"Mágica, Vol. 12",album,12,56z4MFiGmYXC4tQdKOeUs7,Declaração de Amor,19,False,203128,2005-01-01,['Calcinha Preta']
"Calcinha Preta, Vol. 13 (Ao Vivo)",album,1,2TWFcqzZ6KEUAYie7wEF1f,Um Degrau na Escada (Ao Vivo),45,False,215520,2005,['Calcinha Preta']
"Calcinha Preta, Vol. 13 (Ao Vivo)",album,2,6nXGLICKEQJv5BMZxgIrjH,Adão e Eva (Ao Vivo),34,False,246040,2005,['Calcinha Preta']
"Calcinha Preta, Vol. 13 (Ao Vivo)",album,3,1mPcdV4w5LDxGR14pQQDke,"Hoje á Noite ""Alone"" (Ao Vivo)",52,False,212960,2005,['Calcinha Preta']
"Calcinha Preta, Vol. 13 (Ao Vivo)",album,4,0h2XejoLfJrbmy8UpfYev9,Cada Paixão uma Novela (Ao Vivo),29,False,237706,2005,['Calcinha Preta']
"Calcinha Preta, Vol. 13 (Ao Vivo)",album,5,3xuxTwpjlDJOINKCkewMwQ,Manchete dos Jornais (Ao Vivo),40,False,260333,2005,['Calcinha Preta']
"Calcinha Preta, Vol. 13 (Ao Vivo)",album,6,4JroQOn3E6sRxS2o6M620h,Desfile de Moda (Ao Vivo),28,False,231933,2005,['Calcinha Preta']
"Calcinha Preta, Vol. 13 (Ao Vivo)",album,7,5zn67gFg0hUJXlz6ktu1Yc,Mágica (Ao Vivo),40,False,252026,2005,['Calcinha Preta']
"Calcinha Preta, Vol. 13 (Ao Vivo)",album,8,1EHylpXM7XNSxmOki0Fymh,A Calcinha Preta É Nossa (Ao Vivo),40,False,194226,2005,['Calcinha Preta']
"Calcinha Preta, Vol. 13 (Ao Vivo)",album,9,6E1MDwgqJ4FtC85UzuE3oJ,Quer Namorar Comigo (Ao Vivo),34,False,201626,2005,['Calcinha Preta']
"Calcinha Preta, Vol. 13 (Ao Vivo)",album,10,0miPHcpnLwLqnU6SVSXnvL,Renacerá (Ao Vivo),33,False,219240,2005,['Calcinha Preta']
"Calcinha Preta, Vol. 13 (Ao Vivo)",album,11,05uEelCxZhQjzYNgAntl45,"Um Novo Amor ""Good Bye"" (Ao Vivo)",43,False,234440,2005,['Calcinha Preta']
"Calcinha Preta, Vol. 13 (Ao Vivo)",album,12,2BOyoTn08jc2U0zkrf0zMk,Armadilha (Ao Vivo),31,False,226000,2005,['Calcinha Preta']
"Calcinha Preta, Vol. 13 (Ao Vivo)",album,13,77leQaGbAJiP5v2KbshbA1,Segredos (Ao Vivo),32,False,230800,2005,['Calcinha Preta']
"Calcinha Preta, Vol. 13 (Ao Vivo)",album,14,1PqOzhRmUUsiniN4VOFuCx,Baby Doll (Ao Vivo),35,False,171293,2005,['Calcinha Preta']
"Calcinha Preta, Vol. 13 (Ao Vivo)",album,15,7nnMRq6s7iKjOgLTJYdB9B,Hipnose (Ao Vivo),42,False,238693,2005,['Calcinha Preta']
"Calcinha Preta, Vol. 13 (Ao Vivo)",album,16,2oDSd4TWAxllHArCMhe9RA,Furunfa (Ao Vivo),33,False,266800,2005,['Calcinha Preta']
"Calcinha Preta, Vol. 13 (Ao Vivo)",album,17,2eI1OQTaBJFwmQEEYfy9OU,Declaração de Amor (Ao Vivo),42,False,198426,2005,['Calcinha Preta']
"Calcinha Preta, Vol. 13 (Ao Vivo)",album,18,45H5BSm8TpUe1VBDzOMKNo,Abra Meu Coração (Ao Vivo),28,False,199560,2005,['Calcinha Preta']
"Calcinha Preta, Vol. 13 (Ao Vivo)",album,19,5yt2xbhapxKG5z95YMAJjO,Morrendo de Desejo (Ao Vivo),39,False,287146,2005,['Calcinha Preta']
"Hoje à Noite, Vol. 11 (Inéditas e ao Vivo)",album,1,0vBWwc6LnM7mhg4GZjhqNv,Hoje à Noite,41,False,212715,2004-01-01,['Calcinha Preta']
"Hoje à Noite, Vol. 11 (Inéditas e ao Vivo)",album,2,0KQXt2mvtGrTfuVSZv2rKu,Hipnose,20,False,255764,2004-01-01,['Calcinha Preta']
"Hoje à Noite, Vol. 11 (Inéditas e ao Vivo)",album,3,2q347BWi0rKiPGWR9EEKPf,Não Tenho Nada,17,False,220186,2004-01-01,['Calcinha Preta']
"Hoje à Noite, Vol. 11 (Inéditas e ao Vivo)",album,4,08sRexiXAYWjBeCPbMWRU1,Baby Dool,19,False,174706,2004-01-01,['Calcinha Preta']
"Hoje à Noite, Vol. 11 (Inéditas e ao Vivo)",album,5,01zETJad6IFx3VLvqYGmsU,Eu Quero É Gozar a Vida,12,True,184659,2004-01-01,['Calcinha Preta']
"Hoje à Noite, Vol. 11 (Inéditas e ao Vivo)",album,6,5E1KEVMWCE1Fg99ugDyVsU,Morrendo de Desejo,16,False,285884,2004-01-01,['Calcinha Preta']
"Hoje à Noite, Vol. 11 (Inéditas e ao Vivo)",album,7,2pHDIw8tGGLh2n7d7rsS4P,Ânsia,20,False,237453,2004-01-01,['Calcinha Preta']
"Hoje à Noite, Vol. 11 (Inéditas e ao Vivo)",album,8,1cWIayt5CJ6RUTLiPq2nlK,Meu Amor Não Vá,16,False,281338,2004-01-01,['Calcinha Preta']
"Hoje à Noite, Vol. 11 (Inéditas e ao Vivo)",album,9,00euWsgQeSLWptUzJ7J0HM,Quem Sabe um Dia,16,False,230530,2004-01-01,['Calcinha Preta']
"Hoje à Noite, Vol. 11 (Inéditas e ao Vivo)",album,10,3qgsE381UZtrRK7vOUFFYM,Vem Ver a Calcinha Preta - Ao Vivo,11,False,228493,2004-01-01,['Calcinha Preta']
"Hoje à Noite, Vol. 11 (Inéditas e ao Vivo)",album,11,2xW4MYG21lNAeQq9AaB7Pm,Te Quero Namorar - Ao Vivo,10,False,264280,2004-01-01,['Calcinha Preta']
"Hoje à Noite, Vol. 11 (Inéditas e ao Vivo)",album,12,033gn5ZRQGyMFBz9sJL5qq,Por Que Te Amo? - Ao Vivo,12,False,235311,2004-01-01,['Calcinha Preta']
"Hoje à Noite, Vol. 11 (Inéditas e ao Vivo)",album,13,1JGnwqL76aMJsIY27BubEo,Por Amor - Ao Vivo,13,False,222014,2004-01-01,['Calcinha Preta']
"Hoje à Noite, Vol. 11 (Inéditas e ao Vivo)",album,14,58pGdLMLEmUfDeypHycLTw,Seu Namorado - Ao Vivo,12,False,233586,2004-01-01,['Calcinha Preta']
"Hoje à Noite, Vol. 11 (Inéditas e ao Vivo)",album,15,3D0js1S6OLpuRpTDG4jujj,Amor da Minha Vida - Ao Vivo,12,False,233273,2004-01-01,['Calcinha Preta']
"Ao Vivo em Salvador, Vol. 1",album,1,46D2zSMB947twxxJgc1n5t,E o Vento Levou - Ao Vivo,29,False,257023,2003-09-13,['Calcinha Preta']
"Ao Vivo em Salvador, Vol. 1",album,2,59EohlfMvYOO1aVm8F91ZR,Louca por Ti - Ao Vivo,38,False,205838,2003-09-13,['Calcinha Preta']
"Ao Vivo em Salvador, Vol. 1",album,3,4By6AyfN0LGsNXOun2RMOp,Por Amor - Ao Vivo,26,False,225725,2003-09-13,['Calcinha Preta']
"Ao Vivo em Salvador, Vol. 1",album,4,510FjHR6RdYMExQ7nnvJtZ,Seu Namorado - Ao Vivo,24,False,238238,2003-09-13,['Calcinha Preta']
"Ao Vivo em Salvador, Vol. 1",album,5,5G7ELvT6086wjDjwkkNG0W,Amor da Minha Vida - Ao Vivo,24,False,236402,2003-09-13,['Calcinha Preta']
"Ao Vivo em Salvador, Vol. 1",album,6,4A9uUOsJr9JdvJVXEHt1Vr,Vem Ver Calcinha Preta - Ao Vivo,24,False,232332,2003-09-13,['Calcinha Preta']
"Ao Vivo em Salvador, Vol. 1",album,7,5vsNepvaC04CkvK3JyzTWM,Sonho Lindo - Ao Vivo,28,False,218451,2003-09-13,['Calcinha Preta']
"Ao Vivo em Salvador, Vol. 1",album,8,6Xy2k6jXtx8HyKrFlH7MoZ,Cobertor - Ao Vivo,25,False,253886,2003-09-13,['Calcinha Preta']
"Ao Vivo em Salvador, Vol. 1",album,9,5Me9XMpae44kPTn8Cno5EZ,Desilusão - Ao Vivo,28,False,208575,2003-09-13,['Calcinha Preta']
"Ao Vivo em Salvador, Vol. 1",album,10,7Hg8ymXbQMTXrHYYLdCv1Q,Te Quero Namorar - Ao Vivo,19,False,266399,2003-09-13,['Calcinha Preta']
"Ao Vivo em Salvador, Vol. 1",album,11,0gnySZIv6I4gtnjqMvigR0,Té Amo Tanto - Ao Vivo,20,False,181080,2003-09-13,['Calcinha Preta']
"Ao Vivo em Salvador, Vol. 1",album,12,57WIf3FwdXVp7mzS8nHLU9,Refém - Ao Vivo,21,False,237070,2003-09-13,['Calcinha Preta']
"Ao Vivo em Salvador, Vol. 1",album,13,0oK9TILgyyPqMliG67guWq,Agora Estou Sofrendo - Ao Vivo,33,False,241741,2003-09-13,['Calcinha Preta']
"Ao Vivo em Salvador, Vol. 1",album,14,6h0lpQWOs9wPhL3IFmupud,Hello - Ao Vivo,35,False,209108,2003-09-13,['Calcinha Preta']
"Ao Vivo em Salvador, Vol. 1",album,15,2z9KV7tphuuZQkdW3juLyo,Eu Vim pra Te Ver - Ao Vivo,20,False,155355,2003-09-13,['Calcinha Preta']
"Ao Vivo em Salvador, Vol. 1",album,16,5Vk4CQk1FCmOVnqyBwdfYD,Não Diga Não - Ao Vivo,20,False,237870,2003-09-13,['Calcinha Preta']
"Ao Vivo em Salvador, Vol. 1",album,17,59CdnKI9jjfeXLwvVnCLh1,Coração Bobo - Ao Vivo,23,False,245144,2003-09-13,['Calcinha Preta']
"A Gente Se Vê Lá, Vol. 10",album,1,1gi3aLt2EatygsqqVkOSyc,Agora Estou Sofrendo - Acústico,26,False,238654,2003-07-01,['Calcinha Preta']
"A Gente Se Vê Lá, Vol. 10",album,2,0rmIhnR8lsnZc5XCJWJQ9o,Fique Amor,31,False,231967,2003-07-01,['Calcinha Preta']
"A Gente Se Vê Lá, Vol. 10",album,3,10tRC1gY11Ns1Jr6SFw6FX,Por Amor,20,False,253910,2003-07-01,['Calcinha Preta']
"A Gente Se Vê Lá, Vol. 10",album,4,22lBW2h1RjQkm29EECkxrY,Seu Namorado,27,False,233430,2003-07-01,['Calcinha Preta']
"A Gente Se Vê Lá, Vol. 10",album,5,1qtfQkgZB0aFfTn6pvpxXX,Te Amo,14,False,206262,2003-07-01,['Calcinha Preta']
"A Gente Se Vê Lá, Vol. 10",album,6,1rQC7Fp8BsTZ2vsRxkljsm,Jogo Sujo,17,False,218697,2003-07-01,['Calcinha Preta']
"A Gente Se Vê Lá, Vol. 10",album,7,0NlF5nJGw4WfMH7lgFZFOC,O Que É Que Eu Vou Fazer?,24,False,251036,2003-07-01,['Calcinha Preta']
"A Gente Se Vê Lá, Vol. 10",album,8,4NoseQJrtZcAbISfB47lJZ,"Louco, Louco, Louco por Você",13,False,256391,2003-07-01,['Calcinha Preta']
"A Gente Se Vê Lá, Vol. 10",album,9,1lb13dOu4W0xMByvBbVyV5,Xeque-Mate,13,False,251297,2003-07-01,['Calcinha Preta']
"A Gente Se Vê Lá, Vol. 10",album,10,6Yz5FyiMt4fzbaQ6mhJ34v,A Gente Se Vê Lá / Só Gosto de Mulher Quente - Pout-Pourri,17,False,284290,2003-07-01,['Calcinha Preta']
"A Gente Se Vê Lá, Vol. 10",album,11,4LE7BoLMYGBqWilIaoEGQt,Amor Fatal - Acústico,14,False,213968,2003-07-01,['Calcinha Preta']
"A Gente Se Vê Lá, Vol. 10",album,12,6x7tHEFaEv4q6nb2y7qHOd,Furunfa Calcinha Preta,15,False,269505,2003-07-01,['Calcinha Preta']
"A Gente Se Vê Lá, Vol. 10",album,13,38Lu2SqjbltJVNHafBSoQv,Não Me Deixe Agora - Acústico,15,False,252368,2003-07-01,['Calcinha Preta']
"Amor da Minha Vida, Vol. 9",album,1,5k4U9TXzCXn48xLCX4Ng7f,Não Me Deixe Agora,24,False,259970,2003-01-01,['Calcinha Preta']
"Amor da Minha Vida, Vol. 9",album,2,08PH0sXaPkT5CH5lB0D3zV,Magoei Meu Coração,15,False,248241,2003-01-01,['Calcinha Preta']
"Amor da Minha Vida, Vol. 9",album,3,0fOzIQ06H8SJs3TpH6XL2J,Você Jurou pra Mim Seu Amor,11,False,228519,2003-01-01,['Calcinha Preta']
"Amor da Minha Vida, Vol. 9",album,4,6EfDiOvz6sTmOi7uuqGVJZ,Amor da Minha Vida,16,False,209998,2003-01-01,['Calcinha Preta']
"Amor da Minha Vida, Vol. 9",album,5,5MaFhrihHX5CA7Cc8DtsEH,Vem Minha Vida,10,False,287111,2003-01-01,['Calcinha Preta']
"Amor da Minha Vida, Vol. 9",album,6,6p9WbCfAxHuIJbjlvo2Uwk,Verdadeiro Amor,14,False,203049,2003-01-01,['Calcinha Preta']
"Amor da Minha Vida, Vol. 9",album,7,5oMrBl6Xl0BUXDwUfyMGM1,Sonho Lindo,21,False,229694,2003-01-01,['Calcinha Preta']
"Amor da Minha Vida, Vol. 9",album,8,21hWq3Zhs4iuK9Aqv9Zfgk,Digitais,11,False,249521,2003-01-01,['Calcinha Preta']
"Amor da Minha Vida, Vol. 9",album,9,0HQrXiuxQIaQioUYZmdmOf,É Amor - O Que Sinto,10,False,211696,2003-01-01,['Calcinha Preta']
"Amor da Minha Vida, Vol. 9",album,10,2EHfRhzyorw6Z4x9GSDYPs,Veneno,11,False,223738,2003-01-01,['Calcinha Preta']
"Amor da Minha Vida, Vol. 9",album,11,1d7F5tBKCb9enjeIVm811q,Te Quero Namorar,10,False,267520,2003-01-01,['Calcinha Preta']
"Amor da Minha Vida, Vol. 9",album,12,1uPPfYThKJ7hPYR3LzR4Xw,E o Vento Levou,16,False,266971,2003-01-01,['Calcinha Preta']
"Amor da Minha Vida, Vol. 9",album,13,2jfQzBn8vRPXE2jDbPOLdg,Leilão,8,False,227395,2003-01-01,['Calcinha Preta']
"Ao Vivo, Vol. 8",album,1,7owbj47JFLsFxwTdqR1t9C,Melhores Momentos - Ao Vivo,12,False,363598,2002-01-01,['Calcinha Preta']
"Ao Vivo, Vol. 8",album,2,1VwHQ3ZJt31e7RWszjY0S7,Seu Amor É Bom / Um Novo Amor - Ao Vivo,25,False,263993,2002-01-01,['Calcinha Preta']
"Ao Vivo, Vol. 8",album,3,01iNkqjt0UbiSaxRTbbzpb,Te Amo Tanto / Refém - Ao Vivo,18,False,259787,2002-01-01,['Calcinha Preta']
"Ao Vivo, Vol. 8",album,4,0gcpmv85NwAN3gZ7At9Ygm,Quero Ser Seu Namorado / Não Venha Mais Me Ver - Ao Vivo,21,False,277159,2002-01-01,['Calcinha Preta']
"Ao Vivo, Vol. 8",album,5,5mDgtrxkvYvLFOiZ39glmv,Tudo de Novo - Ao Vivo,19,False,329560,2002-01-01,['Calcinha Preta']
"Ao Vivo, Vol. 8",album,6,4Buvtg3TWHbxtE62xvHmQe,Coração Bobo / Cobertor - Ao Vivo,22,False,276558,2002-01-01,['Calcinha Preta']
"Ao Vivo, Vol. 8",album,7,2Kt97cfjuQtQRkjYNh1Vl3,Louca por Ti / Não Diga Não - Ao Vivo,19,False,295888,2002-01-01,['Calcinha Preta']
"Ao Vivo, Vol. 8",album,8,7qbIGd5bOoYM7JuSHnSeyp,Sou Seu Amor / Eu Te Amo - Ao Vivo,17,False,286537,2002-01-01,['Calcinha Preta']
"Ao Vivo, Vol. 8",album,9,7hz2ixWTLwHm5eqKrvxOQD,Te Amo - Ao Vivo,17,False,219193,2002-01-01,['Calcinha Preta']
"Ao Vivo, Vol. 8",album,10,34ySFAlODzhhggJxuxBgPw,Resumo Inéditas - Ao Vivo,12,False,195709,2002-01-01,['Calcinha Preta']
"Ao Vivo, Vol. 8",album,11,76T0eB16DV3fskbiwF5JUU,E o Vento Levou - Ao Vivo,31,False,267833,2002-01-01,['Calcinha Preta']
"Ao Vivo, Vol. 8",album,12,4nLPstkU6243A4HitHZA1C,Me Diz o Que Fazer / Você Quem Sabe - Ao Vivo,20,False,273502,2002-01-01,['Calcinha Preta']
"Ao Vivo, Vol. 8",album,13,4yOfIzAeCMGqpPDyxgU4Z8,S.O.S. Coração / Toma de Volta Esse Amor - Ao Vivo,12,False,308166,2002-01-01,['Calcinha Preta']
"Ao Vivo, Vol. 8",album,14,3ZxDktSskWXK3DRakstkYX,Favo de Mel - Ao Vivo,13,False,247875,2002-01-01,['Calcinha Preta']
"Ao Vivo, Vol. 8",album,15,58C7a2gf4r2Rcqun6GgkNG,Vem Ver a Calcinha Preta - Ao Vivo,13,False,251715,2002-01-01,['Calcinha Preta']
"Seu Coração Vai Aprender o Que É Paixão, Vol. 7",album,1,5auWBW4Bt297rBNY0cQvD0,Te Amo - Carrie,22,False,242520,2001-01-01,['Calcinha Preta']
"Seu Coração Vai Aprender o Que É Paixão, Vol. 7",album,2,59uomAam8ywqBbWulFtt1V,Tudo de Novo,18,False,286798,2001-01-01,['Calcinha Preta']
"Seu Coração Vai Aprender o Que É Paixão, Vol. 7",album,3,7vSshPyeCjxyQjcKuFxBZi,Te Amo Tanto,15,False,212140,2001-01-01,['Calcinha Preta']
"Seu Coração Vai Aprender o Que É Paixão, Vol. 7",album,4,6ZKd73xo07MFsoKfMLKmV0,Refém,15,False,237583,2001-01-01,['Calcinha Preta']
"Seu Coração Vai Aprender o Que É Paixão, Vol. 7",album,5,6WiCmh7sXToQTpRHKWhjX0,Mulheres Perdidas,12,False,238706,2001-01-01,['Calcinha Preta']
"Seu Coração Vai Aprender o Que É Paixão, Vol. 7",album,6,2AaHPMqjtOfpLT7KA4POOI,Chorando Se Foi / Lambamor - Pout-Pourri,20,False,273763,2001-01-01,['Calcinha Preta']
"Seu Coração Vai Aprender o Que É Paixão, Vol. 7",album,7,4VeG2ojsy3bwUm1HqOPXNc,Coração Bobo,15,False,226768,2001-01-01,['Calcinha Preta']
"Seu Coração Vai Aprender o Que É Paixão, Vol. 7",album,8,0XnzPoLAOXoKMkj6yBnCnu,Quero Ser Seu Namorado / Não Venha Mais Me Ver - Pout-Pourri,19,False,242991,2001-01-01,['Calcinha Preta']
"Seu Coração Vai Aprender o Que É Paixão, Vol. 7",album,9,5IGKOx3WThGirFASy2r4uQ,Não Diga Não,18,False,229903,2001-01-01,['Calcinha Preta']
"Seu Coração Vai Aprender o Que É Paixão, Vol. 7",album,10,3CY7JQYQy9LV4xj0KnuFY5,Vendaval,15,False,208744,2001-01-01,['Calcinha Preta']
"Seu Coração Vai Aprender o Que É Paixão, Vol. 7",album,11,6pZhklaU2RUXidD8kuvOY6,Seu Amor É Bom / Um Novo Amor - Pout-Pourri,20,False,261381,2001-01-01,['Calcinha Preta']
"Seu Coração Vai Aprender o Que É Paixão, Vol. 7",album,12,5vmFY5cAGJI0RC1Hj4Nfiu,Não Fique Longe de Mim - I Live My Life For Love,14,False,215040,2001-01-01,['Calcinha Preta']
"Seu Coração Vai Aprender o Que É Paixão, Vol. 7",album,13,4f5FBQ4rIx9R6K4k1jLUyx,Não Faz Sentido,11,False,192078,2001-01-01,['Calcinha Preta']
"Seu Coração Vai Aprender o Que É Paixão, Vol. 7",album,14,37lC4q1xjR0AZpwbQDFDwn,O Gemidinho,9,False,212480,2001-01-01,['Calcinha Preta']
"Sou Seu Amor, Vol. 6 (Ao Vivo)",album,1,4UeBdPN8eKaGejz54tsarT,Abertura - Ao Vivo,9,False,113084,1999-01-01,['Calcinha Preta']
"Sou Seu Amor, Vol. 6 (Ao Vivo)",album,2,5io6XcfSyAmZSv1IcrORwX,Hello - Ao Vivo,20,False,256810,1999-01-01,['Calcinha Preta']
"Sou Seu Amor, Vol. 6 (Ao Vivo)",album,3,2I5waiV7HTIN9srrzklR1J,Cobertor - Ao Vivo,19,False,246884,1999-01-01,['Calcinha Preta']
"Sou Seu Amor, Vol. 6 (Ao Vivo)",album,4,6bmPv0kLEalCoCEo07iPvx,Liguei pra Dizer Que Te Amo / Você Marcou Demais a Minha Vida / Isso É Bom - Ao Vivo,15,False,436533,1999-01-01,['Calcinha Preta']
"Sou Seu Amor, Vol. 6 (Ao Vivo)",album,5,5pXpJYdttGCiswTqiJlZwY,"Meu Amor, Minha Paixão / Louca por Você - Ao Vivo",13,False,253336,1999-01-01,['Calcinha Preta']
"Sou Seu Amor, Vol. 6 (Ao Vivo)",album,6,7FzWQ5swyrYvxVZuhMC7F4,Sou Maluco por Você - Ao Vivo,12,False,235886,1999-01-01,['Calcinha Preta']
"Sou Seu Amor, Vol. 6 (Ao Vivo)",album,7,765Hnwyby4jJh1juvvRnoJ,Sou Seu Amor / Eu Te Amo - Ao Vivo,17,False,290822,1999-01-01,['Calcinha Preta']
"Sou Seu Amor, Vol. 6 (Ao Vivo)",album,8,2SQ1ezKDZvLt6cA4I32KH4,Jogo Marcado / Qualquer Jeito - Ao Vivo,12,False,407981,1999-01-01,['Calcinha Preta']
"Sou Seu Amor, Vol. 6 (Ao Vivo)",album,9,4COv0HqeFXT9PpwL0eT1EO,Louca por Ti / Fonte de Desejos - Ao Vivo,16,False,320863,1999-01-01,['Calcinha Preta']
"Sou Seu Amor, Vol. 6 (Ao Vivo)",album,10,2hbZryb95wL9DcLxh47xuW,Me Dá um Beijo / Amor Proibido - Ao Vivo,11,False,312373,1999-01-01,['Calcinha Preta']
"Sou Seu Amor, Vol. 6 (Ao Vivo)",album,11,0j40YZiH3xwmkYTgPBQaGY,Eu Vim pra Te Ver / Calcinha Preta (Doida pra Te Agarrar) - Ao Vivo,18,False,290299,1999-01-01,['Calcinha Preta']
"A Moçada É Só Filé!, Vol. 5 (Ao Vivo)",album,1,1gIhotoVTwQdquODU2JpZb,Saudade - Ao Vivo,15,False,184842,1998-07-01,['Calcinha Preta']
"A Moçada É Só Filé!, Vol. 5 (Ao Vivo)",album,2,0ZLJaB2QxxxhBJVwfW79wq,Desilusão - Ao Vivo,13,False,228806,1998-07-01,['Calcinha Preta']
"A Moçada É Só Filé!, Vol. 5 (Ao Vivo)",album,3,5yFKp922omBx1nX4DtmtLa,É Seu Amor Que Eu Quero - Ao Vivo,14,False,210259,1998-07-01,['Calcinha Preta']
"A Moçada É Só Filé!, Vol. 5 (Ao Vivo)",album,4,0d8giu8YpgX8KNy4F0lUmp,Jura Que Me Ama - Ao Vivo,13,False,297482,1998-07-01,['Calcinha Preta']
"A Moçada É Só Filé!, Vol. 5 (Ao Vivo)",album,5,0FfnyO0b6TF9LyCWbbKgVU,"Amor, Amor, Amor / Noite, Noite, Noite - Ao Vivo",12,False,239490,1998-07-01,['Calcinha Preta']
"A Moçada É Só Filé!, Vol. 5 (Ao Vivo)",album,6,1QoS6RCJqJdyS4BQK7VqRn,A Coisa Mais Linda - Ao Vivo,10,False,160496,1998-07-01,['Calcinha Preta']
"A Moçada É Só Filé!, Vol. 5 (Ao Vivo)",album,7,0lM9o6KXfoipKcWMZwEuYo,Eu Vim Pra Te Ver - Ao Vivo,11,False,154017,1998-07-01,['Calcinha Preta']
"A Moçada É Só Filé!, Vol. 5 (Ao Vivo)",album,8,1oFpdCa6JxMYSFvWaK83Q9,Só Você Me Faz Feliz - Ao Vivo,12,False,227108,1998-07-01,['Calcinha Preta']
"A Moçada É Só Filé!, Vol. 5 (Ao Vivo)",album,9,0RWTQcw2MTPKb3gtRHKUXQ,Eterno Amor / Mesmo Assim / Amor Comigo - Ao Vivo,10,False,222824,1998-07-01,['Calcinha Preta']
"A Moçada É Só Filé!, Vol. 5 (Ao Vivo)",album,10,2Xt7NUOFVkLc7okH2hNfcO,Minha Namorada / Você Me Ama - Ao Vivo,10,False,250723,1998-07-01,['Calcinha Preta']
"A Moçada É Só Filé!, Vol. 5 (Ao Vivo)",album,11,2BRWW75dc3CFnjvqhkeTbD,Agenda Rabiscada - Ao Vivo,10,False,233665,1998-07-01,['Calcinha Preta']
"A Moçada É Só Filé!, Vol. 5 (Ao Vivo)",album,12,6QDGxs26HTyWWEV54P3zoD,A Moçada É Só Filé / O Filé Do Brasil - Ao Vivo,18,False,333505,1998-07-01,['Calcinha Preta']
"A Moçada É Só Filé!, Vol. 5 (Ao Vivo)",album,13,0N2pufiu1Z1wbAq9pEbYH7,Melhores Momentos (Faixa Bônus) - Ao Vivo,8,False,486478,1998-07-01,['Calcinha Preta']
"A Moçada É Só Filé, Vol. 4",album,1,1yMQ0LhivjeasaafuEKgk2,Desilusão,22,False,234997,1998-01-01,['Calcinha Preta']
"A Moçada É Só Filé, Vol. 4",album,2,15W3XnQ5HDid1sM63dGClL,A Moçada É Só Filé,17,False,270550,1998-01-01,['Calcinha Preta']
"A Moçada É Só Filé, Vol. 4",album,3,3buTrax4UnIKY3eKSbuYJ4,"Amor, Amor, Amor / Noite, Noite, Noite",11,False,258011,1998-01-01,['Calcinha Preta']
"A Moçada É Só Filé, Vol. 4",album,4,7v5fwP25XehS7Fnvs3SvvU,Saudade,16,False,224783,1998-01-01,['Calcinha Preta']
"A Moçada É Só Filé, Vol. 4",album,5,2BtuJUYBiSLfJESOPauPlr,É Seu Amor Que Eu Quero / Vem Comigo,13,False,305162,1998-01-01,['Calcinha Preta']
"A Moçada É Só Filé, Vol. 4",album,6,5DEybnpkNPhceowPbt1jk1,Jura Que Me Ama,13,False,273266,1998-01-01,['Calcinha Preta']
"A Moçada É Só Filé, Vol. 4",album,7,0rRBRTE7rDiFpGRQqEjKoW,Quero Saber / Minha Namorada / Você Me Ama,9,False,280764,1998-01-01,['Calcinha Preta']
"A Moçada É Só Filé, Vol. 4",album,8,6T1IzI11uOyxSOIYEYb1q7,Eterno Amor / Mesmo Assim / Amor Amigo,9,False,238445,1998-01-01,['Calcinha Preta']
"A Moçada É Só Filé, Vol. 4",album,9,2kBnQ81mYmXoO4igRIehFM,Onde o Sonho Mora,11,False,198948,1998-01-01,['Calcinha Preta']
"Arrepiando Com a Galera, Vol. 3 (Ao Vivo)",album,1,2I9LcH72jvg58aDivvaZyF,Amor e Paixão - Ao Vivo,6,False,298631,1997-01-01,['Calcinha Preta']
"Arrepiando Com a Galera, Vol. 3 (Ao Vivo)",album,2,4Cswl8Nhwbos2AEds1la9j,Homem Gol - Ao Vivo,2,False,206733,1997-01-01,['Calcinha Preta']
"Arrepiando Com a Galera, Vol. 3 (Ao Vivo)",album,3,0HJ9zSw6DKzDlkF3pDBvFi,Onde o Sonho Mora - Ao Vivo,5,False,208822,1997-01-01,['Calcinha Preta']
"Arrepiando Com a Galera, Vol. 3 (Ao Vivo)",album,4,4EHYzxOlFE8kLkontPUlWB,Vaqueiro Apaixonado - Ao Vivo,3,False,179853,1997-01-01,['Calcinha Preta']
"Arrepiando Com a Galera, Vol. 3 (Ao Vivo)",album,5,1vmbNu5CBYVldOyfNxur5H,Cachaça e Mulher / Forró e Vaquejada - Ao Vivo,2,False,217626,1997-01-01,['Calcinha Preta']
"Arrepiando Com a Galera, Vol. 3 (Ao Vivo)",album,6,1XjSAVA85NvzBBglXWRZV2,Te Amo Mesmo Assim - Ao Vivo,1,False,194194,1997-01-01,['Calcinha Preta']
"Arrepiando Com a Galera, Vol. 3 (Ao Vivo)",album,7,0KVj2E83NHFncSaNTLAOH2,O Colecionador de Calcinha - Ao Vivo,1,False,223895,1997-01-01,['Calcinha Preta']
"Arrepiando Com a Galera, Vol. 3 (Ao Vivo)",album,8,19LtDnfPdX6lDwFu0dqVtT,Arrepia - Ao Vivo,1,False,251559,1997-01-01,['Calcinha Preta']
"Arrepiando Com a Galera, Vol. 3 (Ao Vivo)",album,9,5fFlauGcqClt2L81dZZSFT,Não Tem Jeito - Ao Vivo,1,False,220395,1997-01-01,['Calcinha Preta']
"Arrepiando Com a Galera, Vol. 3 (Ao Vivo)",album,10,5PnxEo72H8zDVCJ3VjNKR3,Renato Russo - Ao Vivo,1,False,192156,1997-01-01,['Calcinha Preta']
"Arrepiando Com a Galera, Vol. 3 (Ao Vivo)",album,11,0sqJy399ewFdVxntLEr95T,Calcinha Preta - Ao Vivo,1,False,143438,1997-01-01,['Calcinha Preta']
"Arrepiando Com a Galera, Vol. 3 (Ao Vivo)",album,12,0QAbLPUdNwrkIck16Y1w6C,Frei Damião - Ao Vivo,1,False,183066,1997-01-01,['Calcinha Preta']
"Arrepiando Com a Galera, Vol. 3 (Ao Vivo)",album,13,4CU6MPKAqB3NwxzAOa1dJi,Não Me Abandone - Ao Vivo,2,False,243670,1997-01-01,['Calcinha Preta']
"Arrepiando Com a Galera, Vol. 3 (Ao Vivo)",album,14,5b2tDP8JPiCiryVTslJeAG,Te Amo de Verdade - Ao Vivo,1,False,214622,1997-01-01,['Calcinha Preta']
"Arrepiando Com a Galera, Vol. 3 (Ao Vivo)",album,15,17s0tWSVwbqsbMXsL2lxUf,Forró da Mulher Carente - Ao Vivo,1,False,275696,1997-01-01,['Calcinha Preta']
"As Mais Gostosas do Brasil, Vol. 2",album,1,50mG7dcITKJLkmkiXHowY3,Onde o Sonho Mora,13,False,236669,1996-07-01,"['Calcinha Preta', 'Forrozão da Condenada']"
"As Mais Gostosas do Brasil, Vol. 2",album,2,6P7fINeeenph05EdB1xdb0,É Impossível Acreditar Que Perdi Você,5,False,258768,1996-07-01,"['Calcinha Preta', 'Forrozão da Condenada']"
"As Mais Gostosas do Brasil, Vol. 2",album,3,6VjhdcATKzo3WZdvu0lHlU,Te Quero - Get Back,5,False,237061,1996-07-01,"['Calcinha Preta', 'Forrozão da Condenada']"
"As Mais Gostosas do Brasil, Vol. 2",album,4,7iF7b3m2x1XpQv81CZWhYt,Paradyse - Take A Chance On Me,5,False,196519,1996-07-01,"['Calcinha Preta', 'Forrozão da Condenada']"
"As Mais Gostosas do Brasil, Vol. 2",album,5,1y8tHyK4IkXJOHBCXPgLcc,"Adeus, Bye Bye - She Made Me Cry",10,False,293616,1996-07-01,"['Calcinha Preta', 'Forrozão da Condenada']"
"As Mais Gostosas do Brasil, Vol. 2",album,6,5Br4r9KKnL3qzm9KRFBB3U,Princesinha Apaixonada,3,False,217286,1996-07-01,"['Calcinha Preta', 'Forrozão da Condenada']"
"As Mais Gostosas do Brasil, Vol. 2",album,7,3fP8EMVx5OA1os6iVdd1HT,O Infinito,2,False,231235,1996-07-01,"['Calcinha Preta', 'Forrozão da Condenada']"
"As Mais Gostosas do Brasil, Vol. 2",album,8,2QVL2KafKezyIEgIFfvYJH,Delírio,2,False,240195,1996-07-01,"['Calcinha Preta', 'Forrozão da Condenada']"
"As Mais Gostosas do Brasil, Vol. 2",album,9,7cLqzjVsmxJ0TFiQ6j5CuK,Bebida Danada,1,False,276819,1996-07-01,"['Calcinha Preta', 'Forrozão da Condenada']"
"As Mais Gostosas do Brasil, Vol. 2",album,10,4MwtlL991lqsbK9GnkLVgf,Tempo Perdido,4,False,262112,1996-07-01,"['Calcinha Preta', 'Forrozão da Condenada']"
"A Banda de Forró Mais Gostosa do Brasil, Vol. 1",album,1,3h4jxqEQQbiucjTSO6VXgc,Quero Te Amar,6,False,179565,1996-01-01,['Calcinha Preta']
"A Banda de Forró Mais Gostosa do Brasil, Vol. 1",album,2,1tlC66SOd4m7VIs29TCP3S,O Colecionador,3,False,205061,1996-01-01,['Calcinha Preta']
"A Banda de Forró Mais Gostosa do Brasil, Vol. 1",album,3,1bT9yaSZoKQBe8V2nZpQhQ,É Só Querer,3,False,175046,1996-01-01,['Calcinha Preta']
"A Banda de Forró Mais Gostosa do Brasil, Vol. 1",album,4,7MeRjBCOuNO2KzSKW0nyIi,Ainda Te Amo,4,False,219924,1996-01-01,['Calcinha Preta']
"A Banda de Forró Mais Gostosa do Brasil, Vol. 1",album,5,7lbY54KTFQSMZCvJQcEhJp,Lembrança,3,False,209214,1996-01-01,['Calcinha Preta']
"A Banda de Forró Mais Gostosa do Brasil, Vol. 1",album,6,6STdXzU1Lr2ZNStpQkwIMj,Dor Traiçoeira,2,False,171702,1996-01-01,['Calcinha Preta']
"A Banda de Forró Mais Gostosa do Brasil, Vol. 1",album,7,1KBYvF3p96siktT6KpjARy,Calcinha Preta,3,False,204512,1996-01-01,['Calcinha Preta']
"A Banda de Forró Mais Gostosa do Brasil, Vol. 1",album,8,1a0HQtzUyKUlPlS8nFszVe,Amor Primeiro,2,False,153443,1996-01-01,['Calcinha Preta']
"A Banda de Forró Mais Gostosa do Brasil, Vol. 1",album,9,0QIU3jjhV8yKmXYp7uydxs,Filha de Vaqueiro,2,False,156055,1996-01-01,['Calcinha Preta']
"A Banda de Forró Mais Gostosa do Brasil, Vol. 1",album,10,3nRJIYGcQwByfqVkfiqOnT,Minha Neguinha,1,False,176143,1996-01-01,['Calcinha Preta']
"Cp 25 Anos, Pt. 3 (Ao Vivo)",single,1,5NPTV5nMKGBL6SUO94Ural,Desilusão - Ao Vivo,25,False,209493,2020-09-04,['Calcinha Preta']
"Cp 25 Anos, Pt. 3 (Ao Vivo)",single,2,5E1lgvo3hMzoPLMPatsSh5,Sonho Lindo / Vem Me Deixar Louca - Ao Vivo,25,False,226613,2020-09-04,['Calcinha Preta']
"Cp 25 Anos, Pt. 3 (Ao Vivo)",single,3,1SBcdREKSFZkfDXijFp5cl,Balada Prime - Ao Vivo,24,False,183373,2020-09-04,['Calcinha Preta']
"Cp 25 Anos, Pt. 3 (Ao Vivo)",single,4,7oullRvxAUeg8hJ13koaT7,Só Não Me Ilude - Ao Vivo,34,False,195584,2020-09-04,['Calcinha Preta']
Agora Estou Sofrendo (Ao Vivo),single,1,18EfjSH1r9Jf6vx52eby5c,Agora Estou Sofrendo,64,False,258968,2020-08-14,"['Calcinha Preta', 'Gusttavo Lima']"
"CP 25 Anos, Pt. 2 (Ao Vivo)",single,1,3dZvILFXiC8xMutIIuTuT1,Daniela - Ao Vivo,56,False,174474,2020-07-10,"['Calcinha Preta', 'Raí Saia Rodada']"
"CP 25 Anos, Pt. 2 (Ao Vivo)",single,2,2NA2YIyTtMdBoNiXLyrCzo,Por Amor / O Que É Que Eu Vou Fazer - Ao Vivo,45,False,254389,2020-07-10,['Calcinha Preta']
"CP 25 Anos, Pt. 2 (Ao Vivo)",single,3,51yyIHNXMTdrpdk17Gdj7o,Baby Doll - Ao Vivo,43,False,200295,2020-07-10,['Calcinha Preta']
"CP 25 Anos, Pt. 2 (Ao Vivo)",single,4,2D9v6htOFH9dLfcjkRH9Yz,Eu Vim pra Te Ver / Vem Ver / A Moçada É Só Filé - Ao Vivo,40,False,238144,2020-07-10,['Calcinha Preta']
Conta de Luz (Ao Vivo),single,1,5CgqWKoMzbugofFOjnhcFS,Conta de Luz - Ao Vivo,55,False,160149,2020-06-19,"['Calcinha Preta', 'Wesley Safadão']"
"CP 25 Anos, Pt. 1 (Ao Vivo)",single,1,49h9lUseWMnzyU0W8E40mP,Um Degrau na Escada - Ao Vivo,64,False,251061,2020-05-13,"['Calcinha Preta', 'Gusttavo Lima']"
"CP 25 Anos, Pt. 1 (Ao Vivo)",single,2,6SsRvDjYAmizqhzm2h5Hox,Hoje à Noite - Ao Vivo,48,False,218925,2020-05-13,['Calcinha Preta']
"CP 25 Anos, Pt. 1 (Ao Vivo)",single,3,1TRrJ4iLBt5V8f8Lf2XjGN,Cobertor / Onde o Sonho Mora - Ao Vivo,44,False,204812,2020-05-13,['Calcinha Preta']
"CP 25 Anos, Pt. 1 (Ao Vivo)",single,4,4giMw1LNsqoG52hm60f413,Você Não Vale Nada - Ao Vivo,44,False,241461,2020-05-13,['Calcinha Preta']
"CP 25 Anos, Pt. 1 (Ao Vivo)",single,5,62u1dbhEuBAWyZnl0n7Ue8,Tchau pro Seu Amor - Ao Vivo,38,False,129000,2020-05-13,"['Calcinha Preta', 'MC JottaPê']"
"CP 25 Anos, Pt. 1 (Ao Vivo)",single,6,2RNoUrbJnE8dirMbJCLYjF,Mágica / E o Vento Levou - Ao Vivo,46,False,278314,2020-05-13,['Calcinha Preta']
Tchau pro Seu Amor (Ao Vivo),single,1,24gHMEGrPZYzKI0SBow7ML,Tchau pro Seu Amor - Ao Vivo,48,False,130415,2020-02-21,"['Calcinha Preta', 'MC JottaPê']"
Não Tem Explicação,single,1,6EdJoVAV8auGT8r5pjOMaJ,Não Tem Explicação,21,False,228187,2019-09-27,['Calcinha Preta']
Amor de Mentira,single,1,2gAjv9SiCBh19BvHyflu9I,Amor de Mentira,38,False,157300,2019-03-25,['Calcinha Preta']
"Flores, Versos e Poemas",single,1,24aEyOxim74BDaEaVqCWvE,"Flores, Versos e Poemas",25,False,207596,2018-05-04,['Calcinha Preta']
Eu Vim do Futuro - Single,single,1,2byBq8jQBZjMznKwGGHdIG,Eu Vim do Futuro,6,False,195213,2017-06-13,['Calcinha Preta']
Homem de Rua,single,1,6oexqeMeqlRzGFk8o2HMEi,Homem de Rua,7,False,210181,2017-06-13,['Calcinha Preta']
Alô Amor,single,1,3JfTQvCbF9CN5NqOVtIPMS,Alô Amor,12,False,182334,2016-03-18,['Calcinha Preta']
Parada Meio Louca,single,1,29bixWjeFxI05LgYo39Hdk,Parada Meio Louca,8,False,201456,2013-09-13,"['Calcinha Preta', 'Grupo Revelação']"
"Dói, Dói",single,1,1WctsG7rIBeNYumsPXY7Ts,"Dói, Dói",3,False,196032,2013-04-21,"['Calcinha Preta', 'Mano Walter']"
